INFO:__main__:
INFO:__main__:
INFO:__main__:
INFO:__main__: ---Started---
INFO:__main__: successful write: zzz
INFO:__main__: Completed all imports
INFO:__main__: successful write: aaa
INFO:__main__: Arrived at read
INFO:__main__: successful write: 0123456789
INFO:__main__: Can read data
INFO:__main__: successful write: {'session_name': 'test session 88', 'date_first_saved': '2026-08-17 11:57am', 'methods': [{'confidence-level': 0.95, 'current-range': '1000uA', 'detection-limit': 1.0, 'expected-max-peak-voltage': 0.6, 'expected-min-peak-voltage': -0.25, 'ext_devices': [], 'lowpass-enabled': True, 'lowpass-freq': 0.05, 'lowpass-order': 3, 'name': 'method4', 'sample-frequency-hz': 24.0, 'savgol-enabled': True, 'savgol-order': 3, 'savgol-window': 5, 'steps': [{'V': -0.75, 'data-collect': 'no', 'duration': 1.0, 'name': '', 'relays-on': [], 'type': 'constant'}, {'V1': -0.75, 'V2': 0.75, 'data-collect': 'background', 'duration': 1.0, 'name': '', 'relays-on': [], 'type': 'ramp'}, {'V': 0.75, 'data-collect': 'no', 'duration': 1.0, 'name': '', 'relays-on': [], 'type': 'constant'}, {'V': -0.75, 'data-collect': 'no', 'duration': 1.0, 'name': '', 'relays-on': [], 'type': 'constant'}, {'V1': -0.75, 'V2': 0.75, 'data-collect': 'signal', 'duration': 1.0, 'name': '', 'relays-on': [], 'type': 'ramp'}, {'V': 0.75, 'data-collect': 'no', 'duration': 1.0, 'name': '', 'relays-on': [], 'type': 'constant'}], 'unit': 'mg/L', 'uid': 'method-0'}], 'samples': [{'name': 'new sample', 'date_sample_collected': '2000-01-01', 'location_collected': '', 'contact_info': '', 'collected_by': '', 'sample_comments': '', 'uid': 'sample-0'}, {'name': 'abc', 'date_sample_collected': '2000-01-01', 'location_collected': '', 'contact_info': '', 'collected_by': '', 'sample_comments': '', 'uid': 'sample-1'}], 'runs': [{'uid': 'run-0', 'created': '2026-08-18 11:09pm', 'sample': 'sample-0', 'method': 'method-0', 'device': 'Rodeostat', 'notes': '', 'run_type': 'sample', 'sample_vol': 0.03, 'total_vol': 0.04, 'replicates': [{'uid': 'rep-0', 'status': 'completed', 'time-ended': '2026-08-18 11:10pm', 'notes': '', 'analysis': {}}, {'uid': 'rep-1', 'status': 'completed', 'time-ended': '2026-08-18 11:10pm', 'notes': '', 'analysis': {'peak_x': 0.111, 'peak_y': -0.15234516048338498, 'peak_ht': 0.07836388047685458, 'baseline_lower_x': -0.3195, 'baseline_lower_y': -0.26423794164179293, 'baseline_upper_x': 0.48, 'baseline_upper_y': -0.20196998323319384, 'max-derivative-left': 0.45587642355450997, 'max-derivative-right': 0.237948626607638, 'mean-max-derivatives': 0.34691252508107395}}, {'uid': 'rep-2', 'status': 'completed', 'time-ended': '2026-08-18 11:10pm', 'notes': '', 'analysis': {}}]}, {'uid': 'run-1', 'created': '2026-08-23 10:48am', 'sample': 'sample-0', 'method': 'method-0', 'device': 'Rodeostat', 'notes': '', 'run_type': 'sample', 'sample_vol': 0.03, 'total_vol': 0.04, 'replicates': [{'uid': 'rep-0', 'status': 'completed', 'time-ended': '2026-08-23 11:10am', 'notes': '', 'analysis': {}}, {'uid': 'rep-1', 'status': 'completed', 'time-ended': '2026-08-23 11:10am', 'notes': '', 'analysis': {}}, {'uid': 'rep-2', 'status': 'completed', 'time-ended': '2026-08-23 11:11am', 'notes': '', 'analysis': {}}]}], 'calculations': []}
INFO:__main__: Data read complete!
INFO:__main__: -----------------------
INFO:__main__:
INFO:__main__:
INFO:__main__:
INFO:__main__: ---Started---
INFO:__main__: successful write: zzz
INFO:__main__: Completed all imports
INFO:__main__: successful write: aaa
INFO:__main__: Arrived at read
INFO:__main__: successful write: 0123456789
INFO:__main__: Can read data
INFO:__main__: successful write: {'session_name': 'test session 88', 'date_first_saved': '2026-08-17 11:57am', 'methods': [{'confidence-level': 0.95, 'current-range': '1000uA', 'detection-limit': 1.0, 'expected-max-peak-voltage': 0.6, 'expected-min-peak-voltage': -0.25, 'ext_devices': [], 'lowpass-enabled': True, 'lowpass-freq': 0.05, 'lowpass-order': 3, 'name': 'method4', 'sample-frequency-hz': 24.0, 'savgol-enabled': True, 'savgol-order': 3, 'savgol-window': 5, 'steps': [{'V': -0.75, 'data-collect': 'no', 'duration': 1.0, 'name': '', 'relays-on': [], 'type': 'constant'}, {'V1': -0.75, 'V2': 0.75, 'data-collect': 'background', 'duration': 1.0, 'name': '', 'relays-on': [], 'type': 'ramp'}, {'V': 0.75, 'data-collect': 'no', 'duration': 1.0, 'name': '', 'relays-on': [], 'type': 'constant'}, {'V': -0.75, 'data-collect': 'no', 'duration': 1.0, 'name': '', 'relays-on': [], 'type': 'constant'}, {'V1': -0.75, 'V2': 0.75, 'data-collect': 'signal', 'duration': 1.0, 'name': '', 'relays-on': [], 'type': 'ramp'}, {'V': 0.75, 'data-collect': 'no', 'duration': 1.0, 'name': '', 'relays-on': [], 'type': 'constant'}], 'unit': 'mg/L', 'uid': 'method-0'}], 'samples': [{'name': 'new sample', 'date_sample_collected': '2000-01-01', 'location_collected': '', 'contact_info': '', 'collected_by': '', 'sample_comments': '', 'uid': 'sample-0'}, {'name': 'abc', 'date_sample_collected': '2000-01-01', 'location_collected': '', 'contact_info': '', 'collected_by': '', 'sample_comments': '', 'uid': 'sample-1'}], 'runs': [{'uid': 'run-0', 'created': '2026-08-18 11:09pm', 'sample': 'sample-0', 'method': 'method-0', 'device': 'Rodeostat', 'notes': '', 'run_type': 'sample', 'sample_vol': 0.03, 'total_vol': 0.04, 'replicates': [{'uid': 'rep-0', 'status': 'completed', 'time-ended': '2026-08-18 11:10pm', 'notes': '', 'analysis': {}}, {'uid': 'rep-1', 'status': 'completed', 'time-ended': '2026-08-18 11:10pm', 'notes': '', 'analysis': {'peak_x': 0.111, 'peak_y': -0.15234516048338498, 'peak_ht': 0.07836388047685458, 'baseline_lower_x': -0.3195, 'baseline_lower_y': -0.26423794164179293, 'baseline_upper_x': 0.48, 'baseline_upper_y': -0.20196998323319384, 'max-derivative-left': 0.45587642355450997, 'max-derivative-right': 0.237948626607638, 'mean-max-derivatives': 0.34691252508107395}}, {'uid': 'rep-2', 'status': 'completed', 'time-ended': '2026-08-18 11:10pm', 'notes': '', 'analysis': {}}]}, {'uid': 'run-1', 'created': '2026-08-23 10:48am', 'sample': 'sample-0', 'method': 'method-0', 'device': 'Rodeostat', 'notes': '', 'run_type': 'sample', 'sample_vol': 0.03, 'total_vol': 0.04, 'replicates': [{'uid': 'rep-0', 'status': 'completed', 'time-ended': '2026-08-23 11:10am', 'notes': '', 'analysis': {}}, {'uid': 'rep-1', 'status': 'completed', 'time-ended': '2026-08-23 11:10am', 'notes': '', 'analysis': {}}, {'uid': 'rep-2', 'status': 'completed', 'time-ended': '2026-08-23 11:11am', 'notes': '', 'analysis': {}}]}], 'calculations': []}
INFO:__main__: Data read complete!
INFO:__main__: -----------------------
INFO:__main__:
INFO:__main__:
INFO:__main__:
INFO:__main__: ---Started---
INFO:__main__: successful write: zzz
INFO:__main__: Completed all imports
INFO:__main__: successful write: aaa
INFO:__main__: successful write: {'session_name': 'test session 88', 'date_first_saved': '2026-08-17 11:57am', 'methods': [{'confidence-level': 0.95, 'current-range': '1000uA', 'detection-limit': 1.0, 'expected-max-peak-voltage': 0.6, 'expected-min-peak-voltage': -0.25, 'ext_devices': [], 'lowpass-enabled': True, 'lowpass-freq': 0.05, 'lowpass-order': 3, 'name': 'method4', 'sample-frequency-hz': 24.0, 'savgol-enabled': True, 'savgol-order': 3, 'savgol-window': 5, 'steps': [{'V': -0.75, 'data-collect': 'no', 'duration': 1.0, 'name': '', 'relays-on': [], 'type': 'constant'}, {'V1': -0.75, 'V2': 0.75, 'data-collect': 'background', 'duration': 1.0, 'name': '', 'relays-on': [], 'type': 'ramp'}, {'V': 0.75, 'data-collect': 'no', 'duration': 1.0, 'name': '', 'relays-on': [], 'type': 'constant'}, {'V': -0.75, 'data-collect': 'no', 'duration': 1.0, 'name': '', 'relays-on': [], 'type': 'constant'}, {'V1': -0.75, 'V2': 0.75, 'data-collect': 'signal', 'duration': 1.0, 'name': '', 'relays-on': [], 'type': 'ramp'}, {'V': 0.75, 'data-collect': 'no', 'duration': 1.0, 'name': '', 'relays-on': [], 'type': 'constant'}], 'unit': 'mg/L', 'uid': 'method-0'}], 'samples': [{'name': 'new sample', 'date_sample_collected': '2000-01-01', 'location_collected': '', 'contact_info': '', 'collected_by': '', 'sample_comments': '', 'uid': 'sample-0'}, {'name': 'abc', 'date_sample_collected': '2000-01-01', 'location_collected': '', 'contact_info': '', 'collected_by': '', 'sample_comments': '', 'uid': 'sample-1'}], 'runs': [{'uid': 'run-0', 'created': '2026-08-18 11:09pm', 'sample': 'sample-0', 'method': 'method-0', 'device': 'Rodeostat', 'notes': '', 'run_type': 'sample', 'sample_vol': 0.03, 'total_vol': 0.04, 'replicates': [{'uid': 'rep-0', 'status': 'completed', 'time-ended': '2026-08-18 11:10pm', 'notes': '', 'analysis': {}}, {'uid': 'rep-1', 'status': 'completed', 'time-ended': '2026-08-18 11:10pm', 'notes': '', 'analysis': {'peak_x': 0.111, 'peak_y': -0.15234516048338498, 'peak_ht': 0.07836388047685458, 'baseline_lower_x': -0.3195, 'baseline_lower_y': -0.26423794164179293, 'baseline_upper_x': 0.48, 'baseline_upper_y': -0.20196998323319384, 'max-derivative-left': 0.45587642355450997, 'max-derivative-right': 0.237948626607638, 'mean-max-derivatives': 0.34691252508107395}}, {'uid': 'rep-2', 'status': 'completed', 'time-ended': '2026-08-18 11:10pm', 'notes': '', 'analysis': {}}]}, {'uid': 'run-1', 'created': '2026-08-23 10:48am', 'sample': 'sample-0', 'method': 'method-0', 'device': 'Rodeostat', 'notes': '', 'run_type': 'sample', 'sample_vol': 0.03, 'total_vol': 0.04, 'replicates': [{'uid': 'rep-0', 'status': 'completed', 'time-ended': '2026-08-23 11:10am', 'notes': '', 'analysis': {}}, {'uid': 'rep-1', 'status': 'completed', 'time-ended': '2026-08-23 11:10am', 'notes': '', 'analysis': {}}, {'uid': 'rep-2', 'status': 'completed', 'time-ended': '2026-08-23 11:11am', 'notes': '', 'analysis': {}}]}, {'uid': 'run-2', 'created': '2026-08-24 11:00am', 'sample': 'sample-0', 'method': 'method-0', 'device': 'Rodeostat', 'notes': '', 'run_type': 'blank', 'replicates': [{'uid': 'rep-0', 'status': 'pending', 'time-ended': '', 'notes': '', 'analysis': {}}]}], 'calculations': []}
INFO:__main__:
INFO:__main__:
INFO:__main__:
INFO:__main__: ---Started---
INFO:__main__: successful write: zzz
INFO:__main__: Completed all imports
INFO:__main__: successful write: aaa
INFO:__main__: Arrived at read
INFO:__main__: successful write: 0123456789
INFO:__main__: Can read data
INFO:__main__: successful write: {'session_name': 'test session 88', 'date_first_saved': '2026-08-17 11:57am', 'methods': [{'confidence-level': 0.95, 'current-range': '1000uA', 'detection-limit': 1.0, 'expected-max-peak-voltage': 0.6, 'expected-min-peak-voltage': -0.25, 'ext_devices': [], 'lowpass-enabled': True, 'lowpass-freq': 0.05, 'lowpass-order': 3, 'name': 'method4', 'sample-frequency-hz': 24.0, 'savgol-enabled': True, 'savgol-order': 3, 'savgol-window': 5, 'steps': [{'V': -0.75, 'data-collect': 'no', 'duration': 1.0, 'name': '', 'relays-on': [], 'type': 'constant'}, {'V1': -0.75, 'V2': 0.75, 'data-collect': 'background', 'duration': 1.0, 'name': '', 'relays-on': [], 'type': 'ramp'}, {'V': 0.75, 'data-collect': 'no', 'duration': 1.0, 'name': '', 'relays-on': [], 'type': 'constant'}, {'V': -0.75, 'data-collect': 'no', 'duration': 1.0, 'name': '', 'relays-on': [], 'type': 'constant'}, {'V1': -0.75, 'V2': 0.75, 'data-collect': 'signal', 'duration': 1.0, 'name': '', 'relays-on': [], 'type': 'ramp'}, {'V': 0.75, 'data-collect': 'no', 'duration': 1.0, 'name': '', 'relays-on': [], 'type': 'constant'}], 'unit': 'mg/L', 'uid': 'method-0'}], 'samples': [{'name': 'new sample', 'date_sample_collected': '2000-01-01', 'location_collected': '', 'contact_info': '', 'collected_by': '', 'sample_comments': '', 'uid': 'sample-0'}, {'name': 'abc', 'date_sample_collected': '2000-01-01', 'location_collected': '', 'contact_info': '', 'collected_by': '', 'sample_comments': '', 'uid': 'sample-1'}], 'runs': [{'uid': 'run-0', 'created': '2026-08-18 11:09pm', 'sample': 'sample-0', 'method': 'method-0', 'device': 'Rodeostat', 'notes': '', 'run_type': 'sample', 'sample_vol': 0.03, 'total_vol': 0.04, 'replicates': [{'uid': 'rep-0', 'status': 'completed', 'time-ended': '2026-08-18 11:10pm', 'notes': '', 'analysis': {}}, {'uid': 'rep-1', 'status': 'completed', 'time-ended': '2026-08-18 11:10pm', 'notes': '', 'analysis': {'peak_x': 0.111, 'peak_y': -0.15234516048338498, 'peak_ht': 0.07836388047685458, 'baseline_lower_x': -0.3195, 'baseline_lower_y': -0.26423794164179293, 'baseline_upper_x': 0.48, 'baseline_upper_y': -0.20196998323319384, 'max-derivative-left': 0.45587642355450997, 'max-derivative-right': 0.237948626607638, 'mean-max-derivatives': 0.34691252508107395}}, {'uid': 'rep-2', 'status': 'completed', 'time-ended': '2026-08-18 11:10pm', 'notes': '', 'analysis': {}}]}, {'uid': 'run-1', 'created': '2026-08-23 10:48am', 'sample': 'sample-0', 'method': 'method-0', 'device': 'Rodeostat', 'notes': '', 'run_type': 'sample', 'sample_vol': 0.03, 'total_vol': 0.04, 'replicates': [{'uid': 'rep-0', 'status': 'completed', 'time-ended': '2026-08-23 11:10am', 'notes': '', 'analysis': {}}, {'uid': 'rep-1', 'status': 'completed', 'time-ended': '2026-08-23 11:10am', 'notes': '', 'analysis': {}}, {'uid': 'rep-2', 'status': 'completed', 'time-ended': '2026-08-23 11:11am', 'notes': '', 'analysis': {}}]}, {'uid': 'run-2', 'created': '2026-08-24 11:00am', 'sample': 'sample-0', 'method': 'method-0', 'device': 'Rodeostat', 'notes': '', 'run_type': 'blank', 'replicates': [{'uid': 'rep-0', 'status': 'pending', 'time-ended': '', 'notes': '', 'analysis': {}}]}], 'calculations': []}
INFO:__main__: Data read complete!
INFO:__main__: -----------------------
INFO:__main__:
INFO:__main__:
INFO:__main__:
INFO:__main__: ---Started---
INFO:__main__: successful write: zzz
INFO:__main__: Completed all imports
INFO:__main__: successful write: aaa
INFO:__main__: Arrived at read
INFO:__main__: successful write: 0123456789
INFO:__main__: Can read data
INFO:__main__: successful write: {'session_name': 'test session 88', 'date_first_saved': '2026-08-17 11:57am', 'methods': [{'confidence-level': 0.95, 'current-range': '1000uA', 'detection-limit': 1.0, 'expected-max-peak-voltage': 0.6, 'expected-min-peak-voltage': -0.25, 'ext_devices': [], 'lowpass-enabled': True, 'lowpass-freq': 0.05, 'lowpass-order': 3, 'name': 'method4', 'sample-frequency-hz': 24.0, 'savgol-enabled': True, 'savgol-order': 3, 'savgol-window': 5, 'steps': [{'V': -0.75, 'data-collect': 'no', 'duration': 1.0, 'name': '', 'relays-on': [], 'type': 'constant'}, {'V1': -0.75, 'V2': 0.75, 'data-collect': 'background', 'duration': 1.0, 'name': '', 'relays-on': [], 'type': 'ramp'}, {'V': 0.75, 'data-collect': 'no', 'duration': 1.0, 'name': '', 'relays-on': [], 'type': 'constant'}, {'V': -0.75, 'data-collect': 'no', 'duration': 1.0, 'name': '', 'relays-on': [], 'type': 'constant'}, {'V1': -0.75, 'V2': 0.75, 'data-collect': 'signal', 'duration': 1.0, 'name': '', 'relays-on': [], 'type': 'ramp'}, {'V': 0.75, 'data-collect': 'no', 'duration': 1.0, 'name': '', 'relays-on': [], 'type': 'constant'}], 'unit': 'mg/L', 'uid': 'method-0'}], 'samples': [{'name': 'new sample', 'date_sample_collected': '2000-01-01', 'location_collected': '', 'contact_info': '', 'collected_by': '', 'sample_comments': '', 'uid': 'sample-0'}, {'name': 'abc', 'date_sample_collected': '2000-01-01', 'location_collected': '', 'contact_info': '', 'collected_by': '', 'sample_comments': '', 'uid': 'sample-1'}], 'runs': [{'uid': 'run-0', 'created': '2026-08-18 11:09pm', 'sample': 'sample-0', 'method': 'method-0', 'device': 'Rodeostat', 'notes': '', 'run_type': 'sample', 'sample_vol': 0.03, 'total_vol': 0.04, 'replicates': [{'uid': 'rep-0', 'status': 'completed', 'time-ended': '2026-08-18 11:10pm', 'notes': '', 'analysis': {}}, {'uid': 'rep-1', 'status': 'completed', 'time-ended': '2026-08-18 11:10pm', 'notes': '', 'analysis': {'peak_x': 0.111, 'peak_y': -0.15234516048338498, 'peak_ht': 0.07836388047685458, 'baseline_lower_x': -0.3195, 'baseline_lower_y': -0.26423794164179293, 'baseline_upper_x': 0.48, 'baseline_upper_y': -0.20196998323319384, 'max-derivative-left': 0.45587642355450997, 'max-derivative-right': 0.237948626607638, 'mean-max-derivatives': 0.34691252508107395}}, {'uid': 'rep-2', 'status': 'completed', 'time-ended': '2026-08-18 11:10pm', 'notes': '', 'analysis': {}}]}, {'uid': 'run-1', 'created': '2026-08-23 10:48am', 'sample': 'sample-0', 'method': 'method-0', 'device': 'Rodeostat', 'notes': '', 'run_type': 'sample', 'sample_vol': 0.03, 'total_vol': 0.04, 'replicates': [{'uid': 'rep-0', 'status': 'completed', 'time-ended': '2026-08-23 11:10am', 'notes': '', 'analysis': {}}, {'uid': 'rep-1', 'status': 'completed', 'time-ended': '2026-08-23 11:10am', 'notes': '', 'analysis': {}}, {'uid': 'rep-2', 'status': 'completed', 'time-ended': '2026-08-23 11:11am', 'notes': '', 'analysis': {}}]}, {'uid': 'run-2', 'created': '2026-08-24 11:00am', 'sample': 'sample-0', 'method': 'method-0', 'device': 'Rodeostat', 'notes': '', 'run_type': 'blank', 'replicates': [{'uid': 'rep-0', 'status': 'pending', 'time-ended': '', 'notes': '', 'analysis': {}}]}], 'calculations': []}
INFO:__main__: Data read complete!
INFO:__main__: -----------------------
INFO:__main__:
INFO:__main__:
INFO:__main__:
INFO:__main__: ---Started---
INFO:__main__: successful write: zzz
INFO:__main__: Completed all imports
INFO:__main__: successful write: aaa
INFO:__main__: Arrived at read
INFO:__main__: successful write: 0123456789
INFO:__main__: Can read data
INFO:__main__: successful write: {'session_name': 'test session 88', 'date_first_saved': '2026-08-17 11:57am', 'methods': [{'confidence-level': 0.95, 'current-range': '1000uA', 'detection-limit': 1.0, 'expected-max-peak-voltage': 0.6, 'expected-min-peak-voltage': -0.25, 'ext_devices': [], 'lowpass-enabled': True, 'lowpass-freq': 0.05, 'lowpass-order': 3, 'name': 'method4', 'sample-frequency-hz': 24.0, 'savgol-enabled': True, 'savgol-order': 3, 'savgol-window': 5, 'steps': [{'V': -0.75, 'data-collect': 'no', 'duration': 1.0, 'name': '', 'relays-on': [], 'type': 'constant'}, {'V1': -0.75, 'V2': 0.75, 'data-collect': 'background', 'duration': 1.0, 'name': '', 'relays-on': [], 'type': 'ramp'}, {'V': 0.75, 'data-collect': 'no', 'duration': 1.0, 'name': '', 'relays-on': [], 'type': 'constant'}, {'V': -0.75, 'data-collect': 'no', 'duration': 1.0, 'name': '', 'relays-on': [], 'type': 'constant'}, {'V1': -0.75, 'V2': 0.75, 'data-collect': 'signal', 'duration': 1.0, 'name': '', 'relays-on': [], 'type': 'ramp'}, {'V': 0.75, 'data-collect': 'no', 'duration': 1.0, 'name': '', 'relays-on': [], 'type': 'constant'}], 'unit': 'mg/L', 'uid': 'method-0'}], 'samples': [{'name': 'new sample', 'date_sample_collected': '2000-01-01', 'location_collected': '', 'contact_info': '', 'collected_by': '', 'sample_comments': '', 'uid': 'sample-0'}, {'name': 'abc', 'date_sample_collected': '2000-01-01', 'location_collected': '', 'contact_info': '', 'collected_by': '', 'sample_comments': '', 'uid': 'sample-1'}], 'runs': [{'uid': 'run-0', 'created': '2026-08-18 11:09pm', 'sample': 'sample-0', 'method': 'method-0', 'device': 'Rodeostat', 'notes': '', 'run_type': 'sample', 'sample_vol': 0.03, 'total_vol': 0.04, 'replicates': [{'uid': 'rep-0', 'status': 'completed', 'time-ended': '2026-08-18 11:10pm', 'notes': '', 'analysis': {}}, {'uid': 'rep-1', 'status': 'completed', 'time-ended': '2026-08-18 11:10pm', 'notes': '', 'analysis': {'peak_x': 0.111, 'peak_y': -0.15234516048338498, 'peak_ht': 0.07836388047685458, 'baseline_lower_x': -0.3195, 'baseline_lower_y': -0.26423794164179293, 'baseline_upper_x': 0.48, 'baseline_upper_y': -0.20196998323319384, 'max-derivative-left': 0.45587642355450997, 'max-derivative-right': 0.237948626607638, 'mean-max-derivatives': 0.34691252508107395}}, {'uid': 'rep-2', 'status': 'completed', 'time-ended': '2026-08-18 11:10pm', 'notes': '', 'analysis': {}}]}, {'uid': 'run-1', 'created': '2026-08-23 10:48am', 'sample': 'sample-0', 'method': 'method-0', 'device': 'Rodeostat', 'notes': '', 'run_type': 'sample', 'sample_vol': 0.03, 'total_vol': 0.04, 'replicates': [{'uid': 'rep-0', 'status': 'completed', 'time-ended': '2026-08-23 11:10am', 'notes': '', 'analysis': {}}, {'uid': 'rep-1', 'status': 'completed', 'time-ended': '2026-08-23 11:10am', 'notes': '', 'analysis': {}}, {'uid': 'rep-2', 'status': 'completed', 'time-ended': '2026-08-23 11:11am', 'notes': '', 'analysis': {}}]}, {'uid': 'run-2', 'created': '2026-08-24 11:00am', 'sample': 'sample-0', 'method': 'method-0', 'device': 'Rodeostat', 'notes': '', 'run_type': 'blank', 'replicates': [{'uid': 'rep-0', 'status': 'pending', 'time-ended': '', 'notes': '', 'analysis': {}}]}], 'calculations': []}
INFO:__main__: Data read complete!
INFO:__main__: -----------------------
INFO:__main__:
INFO:__main__:
INFO:__main__:
INFO:__main__: ---Started---
INFO:__main__: successful write: zzz
INFO:__main__: Completed all imports
INFO:__main__: successful write: aaa
INFO:__main__: Arrived at read
INFO:__main__: successful write: 0123456789
INFO:__main__: Can read data
INFO:__main__: successful write: {'session_name': 'test session 88', 'date_first_saved': '2026-08-17 11:57am', 'methods': [{'confidence-level': 0.95, 'current-range': '1000uA', 'detection-limit': 1.0, 'expected-max-peak-voltage': 0.6, 'expected-min-peak-voltage': -0.25, 'ext_devices': [], 'lowpass-enabled': True, 'lowpass-freq': 0.05, 'lowpass-order': 3, 'name': 'method4', 'sample-frequency-hz': 24.0, 'savgol-enabled': True, 'savgol-order': 3, 'savgol-window': 5, 'steps': [{'V': -0.75, 'data-collect': 'no', 'duration': 1.0, 'name': '', 'relays-on': [], 'type': 'constant'}, {'V1': -0.75, 'V2': 0.75, 'data-collect': 'background', 'duration': 1.0, 'name': '', 'relays-on': [], 'type': 'ramp'}, {'V': 0.75, 'data-collect': 'no', 'duration': 1.0, 'name': '', 'relays-on': [], 'type': 'constant'}, {'V': -0.75, 'data-collect': 'no', 'duration': 1.0, 'name': '', 'relays-on': [], 'type': 'constant'}, {'V1': -0.75, 'V2': 0.75, 'data-collect': 'signal', 'duration': 1.0, 'name': '', 'relays-on': [], 'type': 'ramp'}, {'V': 0.75, 'data-collect': 'no', 'duration': 1.0, 'name': '', 'relays-on': [], 'type': 'constant'}], 'unit': 'mg/L', 'uid': 'method-0'}], 'samples': [{'name': 'new sample', 'date_sample_collected': '2000-01-01', 'location_collected': '', 'contact_info': '', 'collected_by': '', 'sample_comments': '', 'uid': 'sample-0'}, {'name': 'abc', 'date_sample_collected': '2000-01-01', 'location_collected': '', 'contact_info': '', 'collected_by': '', 'sample_comments': '', 'uid': 'sample-1'}], 'runs': [{'uid': 'run-0', 'created': '2026-08-18 11:09pm', 'sample': 'sample-0', 'method': 'method-0', 'device': 'Rodeostat', 'notes': '', 'run_type': 'sample', 'sample_vol': 0.03, 'total_vol': 0.04, 'replicates': [{'uid': 'rep-0', 'status': 'completed', 'time-ended': '2026-08-18 11:10pm', 'notes': '', 'analysis': {}}, {'uid': 'rep-1', 'status': 'completed', 'time-ended': '2026-08-18 11:10pm', 'notes': '', 'analysis': {'peak_x': 0.111, 'peak_y': -0.15234516048338498, 'peak_ht': 0.07836388047685458, 'baseline_lower_x': -0.3195, 'baseline_lower_y': -0.26423794164179293, 'baseline_upper_x': 0.48, 'baseline_upper_y': -0.20196998323319384, 'max-derivative-left': 0.45587642355450997, 'max-derivative-right': 0.237948626607638, 'mean-max-derivatives': 0.34691252508107395}}, {'uid': 'rep-2', 'status': 'completed', 'time-ended': '2026-08-18 11:10pm', 'notes': '', 'analysis': {}}]}, {'uid': 'run-1', 'created': '2026-08-23 10:48am', 'sample': 'sample-0', 'method': 'method-0', 'device': 'Rodeostat', 'notes': '', 'run_type': 'sample', 'sample_vol': 0.03, 'total_vol': 0.04, 'replicates': [{'uid': 'rep-0', 'status': 'completed', 'time-ended': '2026-08-23 11:10am', 'notes': '', 'analysis': {}}, {'uid': 'rep-1', 'status': 'completed', 'time-ended': '2026-08-23 11:10am', 'notes': '', 'analysis': {}}, {'uid': 'rep-2', 'status': 'completed', 'time-ended': '2026-08-23 11:11am', 'notes': '', 'analysis': {}}]}, {'uid': 'run-2', 'created': '2026-08-24 11:00am', 'sample': 'sample-0', 'method': 'method-0', 'device': 'Rodeostat', 'notes': '', 'run_type': 'blank', 'replicates': [{'uid': 'rep-0', 'status': 'pending', 'time-ended': '', 'notes': '', 'analysis': {}}]}], 'calculations': []}
INFO:__main__: Data read complete!
INFO:__main__: -----------------------
INFO:__main__:
INFO:__main__:
INFO:__main__:
INFO:__main__: ---Started---
INFO:__main__: successful write: zzz
INFO:__main__: Completed all imports
INFO:__main__: successful write: aaa
INFO:__main__: Arrived at read
INFO:__main__: successful write: 0123456789
INFO:__main__: Can read data
INFO:__main__: successful write: {'session_name': 'test session 88', 'date_first_saved': '2026-08-17 11:57am', 'methods': [{'confidence-level': 0.95, 'current-range': '1000uA', 'detection-limit': 1.0, 'expected-max-peak-voltage': 0.6, 'expected-min-peak-voltage': -0.25, 'ext_devices': [], 'lowpass-enabled': True, 'lowpass-freq': 0.05, 'lowpass-order': 3, 'name': 'method4', 'sample-frequency-hz': 24.0, 'savgol-enabled': True, 'savgol-order': 3, 'savgol-window': 5, 'steps': [{'V': -0.75, 'data-collect': 'no', 'duration': 1.0, 'name': '', 'relays-on': [], 'type': 'constant'}, {'V1': -0.75, 'V2': 0.75, 'data-collect': 'background', 'duration': 1.0, 'name': '', 'relays-on': [], 'type': 'ramp'}, {'V': 0.75, 'data-collect': 'no', 'duration': 1.0, 'name': '', 'relays-on': [], 'type': 'constant'}, {'V': -0.75, 'data-collect': 'no', 'duration': 1.0, 'name': '', 'relays-on': [], 'type': 'constant'}, {'V1': -0.75, 'V2': 0.75, 'data-collect': 'signal', 'duration': 1.0, 'name': '', 'relays-on': [], 'type': 'ramp'}, {'V': 0.75, 'data-collect': 'no', 'duration': 1.0, 'name': '', 'relays-on': [], 'type': 'constant'}], 'unit': 'mg/L', 'uid': 'method-0'}], 'samples': [{'name': 'new sample', 'date_sample_collected': '2000-01-01', 'location_collected': '', 'contact_info': '', 'collected_by': '', 'sample_comments': '', 'uid': 'sample-0'}, {'name': 'abc', 'date_sample_collected': '2000-01-01', 'location_collected': '', 'contact_info': '', 'collected_by': '', 'sample_comments': '', 'uid': 'sample-1'}], 'runs': [{'uid': 'run-0', 'created': '2026-08-18 11:09pm', 'sample': 'sample-0', 'method': 'method-0', 'device': 'Rodeostat', 'notes': '', 'run_type': 'sample', 'sample_vol': 0.03, 'total_vol': 0.04, 'replicates': [{'uid': 'rep-0', 'status': 'completed', 'time-ended': '2026-08-18 11:10pm', 'notes': '', 'analysis': {}}, {'uid': 'rep-1', 'status': 'completed', 'time-ended': '2026-08-18 11:10pm', 'notes': '', 'analysis': {'peak_x': 0.111, 'peak_y': -0.15234516048338498, 'peak_ht': 0.07836388047685458, 'baseline_lower_x': -0.3195, 'baseline_lower_y': -0.26423794164179293, 'baseline_upper_x': 0.48, 'baseline_upper_y': -0.20196998323319384, 'max-derivative-left': 0.45587642355450997, 'max-derivative-right': 0.237948626607638, 'mean-max-derivatives': 0.34691252508107395}}, {'uid': 'rep-2', 'status': 'completed', 'time-ended': '2026-08-18 11:10pm', 'notes': '', 'analysis': {}}]}, {'uid': 'run-1', 'created': '2026-08-23 10:48am', 'sample': 'sample-0', 'method': 'method-0', 'device': 'Rodeostat', 'notes': '', 'run_type': 'sample', 'sample_vol': 0.03, 'total_vol': 0.04, 'replicates': [{'uid': 'rep-0', 'status': 'completed', 'time-ended': '2026-08-23 11:10am', 'notes': '', 'analysis': {}}, {'uid': 'rep-1', 'status': 'completed', 'time-ended': '2026-08-23 11:10am', 'notes': '', 'analysis': {}}, {'uid': 'rep-2', 'status': 'completed', 'time-ended': '2026-08-23 11:11am', 'notes': '', 'analysis': {}}]}, {'uid': 'run-2', 'created': '2026-08-24 11:00am', 'sample': 'sample-0', 'method': 'method-0', 'device': 'Rodeostat', 'notes': '', 'run_type': 'blank', 'replicates': [{'uid': 'rep-0', 'status': 'pending', 'time-ended': '', 'notes': '', 'analysis': {}}]}], 'calculations': []}
INFO:__main__: Data read complete!
INFO:__main__: -----------------------
INFO:__main__:
INFO:__main__:
INFO:__main__:
INFO:__main__: ---Started---
INFO:__main__: successful write: zzz
INFO:__main__: Completed all imports
INFO:__main__: successful write: aaa
INFO:__main__: Arrived at read
INFO:__main__: successful write: 0123456789
INFO:__main__: Can read data
INFO:__main__: successful write: {'session_name': 'test session 88', 'date_first_saved': '2026-08-17 11:57am', 'methods': [{'confidence-level': 0.95, 'current-range': '1000uA', 'detection-limit': 1.0, 'expected-max-peak-voltage': 0.6, 'expected-min-peak-voltage': -0.25, 'ext_devices': [], 'lowpass-enabled': True, 'lowpass-freq': 0.05, 'lowpass-order': 3, 'name': 'method4', 'sample-frequency-hz': 24.0, 'savgol-enabled': True, 'savgol-order': 3, 'savgol-window': 5, 'steps': [{'V': -0.75, 'data-collect': 'no', 'duration': 1.0, 'name': '', 'relays-on': [], 'type': 'constant'}, {'V1': -0.75, 'V2': 0.75, 'data-collect': 'background', 'duration': 1.0, 'name': '', 'relays-on': [], 'type': 'ramp'}, {'V': 0.75, 'data-collect': 'no', 'duration': 1.0, 'name': '', 'relays-on': [], 'type': 'constant'}, {'V': -0.75, 'data-collect': 'no', 'duration': 1.0, 'name': '', 'relays-on': [], 'type': 'constant'}, {'V1': -0.75, 'V2': 0.75, 'data-collect': 'signal', 'duration': 1.0, 'name': '', 'relays-on': [], 'type': 'ramp'}, {'V': 0.75, 'data-collect': 'no', 'duration': 1.0, 'name': '', 'relays-on': [], 'type': 'constant'}], 'unit': 'mg/L', 'uid': 'method-0'}], 'samples': [{'name': 'new sample', 'date_sample_collected': '2000-01-01', 'location_collected': '', 'contact_info': '', 'collected_by': '', 'sample_comments': '', 'uid': 'sample-0'}, {'name': 'abc', 'date_sample_collected': '2000-01-01', 'location_collected': '', 'contact_info': '', 'collected_by': '', 'sample_comments': '', 'uid': 'sample-1'}], 'runs': [{'uid': 'run-0', 'created': '2026-08-18 11:09pm', 'sample': 'sample-0', 'method': 'method-0', 'device': 'Rodeostat', 'notes': '', 'run_type': 'sample', 'sample_vol': 0.03, 'total_vol': 0.04, 'replicates': [{'uid': 'rep-0', 'status': 'completed', 'time-ended': '2026-08-18 11:10pm', 'notes': '', 'analysis': {}}, {'uid': 'rep-1', 'status': 'completed', 'time-ended': '2026-08-18 11:10pm', 'notes': '', 'analysis': {'peak_x': 0.111, 'peak_y': -0.15234516048338498, 'peak_ht': 0.07836388047685458, 'baseline_lower_x': -0.3195, 'baseline_lower_y': -0.26423794164179293, 'baseline_upper_x': 0.48, 'baseline_upper_y': -0.20196998323319384, 'max-derivative-left': 0.45587642355450997, 'max-derivative-right': 0.237948626607638, 'mean-max-derivatives': 0.34691252508107395}}, {'uid': 'rep-2', 'status': 'completed', 'time-ended': '2026-08-18 11:10pm', 'notes': '', 'analysis': {}}]}, {'uid': 'run-1', 'created': '2026-08-23 10:48am', 'sample': 'sample-0', 'method': 'method-0', 'device': 'Rodeostat', 'notes': '', 'run_type': 'sample', 'sample_vol': 0.03, 'total_vol': 0.04, 'replicates': [{'uid': 'rep-0', 'status': 'completed', 'time-ended': '2026-08-23 11:10am', 'notes': '', 'analysis': {}}, {'uid': 'rep-1', 'status': 'completed', 'time-ended': '2026-08-23 11:10am', 'notes': '', 'analysis': {}}, {'uid': 'rep-2', 'status': 'completed', 'time-ended': '2026-08-23 11:11am', 'notes': '', 'analysis': {}}]}, {'uid': 'run-2', 'created': '2026-08-24 11:00am', 'sample': 'sample-0', 'method': 'method-0', 'device': 'Rodeostat', 'notes': '', 'run_type': 'blank', 'replicates': [{'uid': 'rep-0', 'status': 'pending', 'time-ended': '', 'notes': '', 'analysis': {}}]}], 'calculations': []}
INFO:__main__: Data read complete!
INFO:__main__: -----------------------
INFO:__main__:
INFO:__main__:
INFO:__main__:
INFO:__main__: ---Started---
INFO:__main__: successful write: zzz
INFO:__main__: Completed all imports
INFO:__main__: successful write: aaa
INFO:__main__: successful write: {'session_name': 'test session 88', 'date_first_saved': '2026-08-17 11:57am', 'methods': [{'confidence-level': 0.95, 'current-range': '1000uA', 'detection-limit': 1.0, 'expected-max-peak-voltage': 0.6, 'expected-min-peak-voltage': -0.25, 'ext_devices': [], 'lowpass-enabled': True, 'lowpass-freq': 0.05, 'lowpass-order': 3, 'name': 'method4', 'sample-frequency-hz': 24.0, 'savgol-enabled': True, 'savgol-order': 3, 'savgol-window': 5, 'steps': [{'V': -0.75, 'data-collect': 'no', 'duration': 1.0, 'name': '', 'relays-on': [], 'type': 'constant'}, {'V1': -0.75, 'V2': 0.75, 'data-collect': 'background', 'duration': 1.0, 'name': '', 'relays-on': [], 'type': 'ramp'}, {'V': 0.75, 'data-collect': 'no', 'duration': 1.0, 'name': '', 'relays-on': [], 'type': 'constant'}, {'V': -0.75, 'data-collect': 'no', 'duration': 1.0, 'name': '', 'relays-on': [], 'type': 'constant'}, {'V1': -0.75, 'V2': 0.75, 'data-collect': 'signal', 'duration': 1.0, 'name': '', 'relays-on': [], 'type': 'ramp'}, {'V': 0.75, 'data-collect': 'no', 'duration': 1.0, 'name': '', 'relays-on': [], 'type': 'constant'}], 'unit': 'mg/L', 'uid': 'method-0'}], 'samples': [{'name': 'new sample', 'date_sample_collected': '2000-01-01', 'location_collected': '', 'contact_info': '', 'collected_by': '', 'sample_comments': '', 'uid': 'sample-0'}, {'name': 'abc', 'date_sample_collected': '2000-01-01', 'location_collected': '', 'contact_info': '', 'collected_by': '', 'sample_comments': '', 'uid': 'sample-1'}], 'runs': [{'uid': 'run-0', 'created': '2026-08-18 11:09pm', 'sample': 'sample-0', 'method': 'method-0', 'device': 'Rodeostat', 'notes': '', 'run_type': 'sample', 'sample_vol': 0.03, 'total_vol': 0.04, 'replicates': [{'uid': 'rep-0', 'status': 'completed', 'time-ended': '2026-08-18 11:10pm', 'notes': '', 'analysis': {}}, {'uid': 'rep-1', 'status': 'completed', 'time-ended': '2026-08-18 11:10pm', 'notes': '', 'analysis': {'peak_x': 0.111, 'peak_y': -0.15234516048338498, 'peak_ht': 0.07836388047685458, 'baseline_lower_x': -0.3195, 'baseline_lower_y': -0.26423794164179293, 'baseline_upper_x': 0.48, 'baseline_upper_y': -0.20196998323319384, 'max-derivative-left': 0.45587642355450997, 'max-derivative-right': 0.237948626607638, 'mean-max-derivatives': 0.34691252508107395}}, {'uid': 'rep-2', 'status': 'completed', 'time-ended': '2026-08-18 11:10pm', 'notes': '', 'analysis': {}}]}, {'uid': 'run-1', 'created': '2026-08-23 10:48am', 'sample': 'sample-0', 'method': 'method-0', 'device': 'Rodeostat', 'notes': '', 'run_type': 'sample', 'sample_vol': 0.03, 'total_vol': 0.04, 'replicates': [{'uid': 'rep-0', 'status': 'completed', 'time-ended': '2026-08-23 11:10am', 'notes': '', 'analysis': {}}, {'uid': 'rep-1', 'status': 'completed', 'time-ended': '2026-08-23 11:10am', 'notes': '', 'analysis': {}}, {'uid': 'rep-2', 'status': 'completed', 'time-ended': '2026-08-23 11:11am', 'notes': '', 'analysis': {}}]}, {'uid': 'run-2', 'created': '2026-08-24 11:00am', 'sample': 'sample-0', 'method': 'method-0', 'device': 'Rodeostat', 'notes': '', 'run_type': 'blank', 'replicates': [{'uid': 'rep-0', 'status': 'pending', 'time-ended': '', 'notes': '', 'analysis': {}}]}], 'calculations': []}
INFO:__main__:
INFO:__main__:
INFO:__main__:
INFO:__main__: ---Started---
INFO:__main__: successful write: zzz
INFO:__main__: Completed all imports
INFO:__main__: successful write: aaa
INFO:__main__: Arrived at read
INFO:__main__: successful write: 0123456789
INFO:__main__: Can read data
INFO:__main__: successful write: {'session_name': 'test session 88', 'date_first_saved': '2026-08-17 11:57am', 'methods': [{'confidence-level': 0.95, 'current-range': '1000uA', 'detection-limit': 1.0, 'expected-max-peak-voltage': 0.6, 'expected-min-peak-voltage': -0.25, 'ext_devices': [], 'lowpass-enabled': True, 'lowpass-freq': 0.05, 'lowpass-order': 3, 'name': 'method4', 'sample-frequency-hz': 24.0, 'savgol-enabled': True, 'savgol-order': 3, 'savgol-window': 5, 'steps': [{'V': -0.75, 'data-collect': 'no', 'duration': 1.0, 'name': '', 'relays-on': [], 'type': 'constant'}, {'V1': -0.75, 'V2': 0.75, 'data-collect': 'background', 'duration': 1.0, 'name': '', 'relays-on': [], 'type': 'ramp'}, {'V': 0.75, 'data-collect': 'no', 'duration': 1.0, 'name': '', 'relays-on': [], 'type': 'constant'}, {'V': -0.75, 'data-collect': 'no', 'duration': 1.0, 'name': '', 'relays-on': [], 'type': 'constant'}, {'V1': -0.75, 'V2': 0.75, 'data-collect': 'signal', 'duration': 1.0, 'name': '', 'relays-on': [], 'type': 'ramp'}, {'V': 0.75, 'data-collect': 'no', 'duration': 1.0, 'name': '', 'relays-on': [], 'type': 'constant'}], 'unit': 'mg/L', 'uid': 'method-0'}], 'samples': [{'name': 'new sample', 'date_sample_collected': '2000-01-01', 'location_collected': '', 'contact_info': '', 'collected_by': '', 'sample_comments': '', 'uid': 'sample-0'}, {'name': 'abc', 'date_sample_collected': '2000-01-01', 'location_collected': '', 'contact_info': '', 'collected_by': '', 'sample_comments': '', 'uid': 'sample-1'}], 'runs': [{'uid': 'run-0', 'created': '2026-08-18 11:09pm', 'sample': 'sample-0', 'method': 'method-0', 'device': 'Rodeostat', 'notes': '', 'run_type': 'sample', 'sample_vol': 0.03, 'total_vol': 0.04, 'replicates': [{'uid': 'rep-0', 'status': 'completed', 'time-ended': '2026-08-18 11:10pm', 'notes': '', 'analysis': {}}, {'uid': 'rep-1', 'status': 'completed', 'time-ended': '2026-08-18 11:10pm', 'notes': '', 'analysis': {'peak_x': 0.111, 'peak_y': -0.15234516048338498, 'peak_ht': 0.07836388047685458, 'baseline_lower_x': -0.3195, 'baseline_lower_y': -0.26423794164179293, 'baseline_upper_x': 0.48, 'baseline_upper_y': -0.20196998323319384, 'max-derivative-left': 0.45587642355450997, 'max-derivative-right': 0.237948626607638, 'mean-max-derivatives': 0.34691252508107395}}, {'uid': 'rep-2', 'status': 'completed', 'time-ended': '2026-08-18 11:10pm', 'notes': '', 'analysis': {}}]}, {'uid': 'run-1', 'created': '2026-08-23 10:48am', 'sample': 'sample-0', 'method': 'method-0', 'device': 'Rodeostat', 'notes': '', 'run_type': 'sample', 'sample_vol': 0.03, 'total_vol': 0.04, 'replicates': [{'uid': 'rep-0', 'status': 'completed', 'time-ended': '2026-08-23 11:10am', 'notes': '', 'analysis': {}}, {'uid': 'rep-1', 'status': 'completed', 'time-ended': '2026-08-23 11:10am', 'notes': '', 'analysis': {}}, {'uid': 'rep-2', 'status': 'completed', 'time-ended': '2026-08-23 11:11am', 'notes': '', 'analysis': {}}]}, {'uid': 'run-2', 'created': '2026-08-24 11:00am', 'sample': 'sample-0', 'method': 'method-0', 'device': 'Rodeostat', 'notes': '', 'run_type': 'blank', 'replicates': [{'uid': 'rep-0', 'status': 'pending', 'time-ended': '', 'notes': '', 'analysis': {}}]}], 'calculations': []}
INFO:__main__: Data read complete!
INFO:__main__: -----------------------
INFO:__main__:
INFO:__main__:
INFO:__main__:
INFO:__main__: ---Started---
INFO:__main__: successful write: zzz
INFO:__main__: Completed all imports
INFO:__main__: successful write: aaa
INFO:__main__: Arrived at read
INFO:__main__: successful write: 0123456789
INFO:__main__: Can read data
INFO:__main__: successful write: {'session_name': 'test session 88', 'date_first_saved': '2026-08-17 11:57am', 'methods': [{'confidence-level': 0.95, 'current-range': '1000uA', 'detection-limit': 1.0, 'expected-max-peak-voltage': 0.6, 'expected-min-peak-voltage': -0.25, 'ext_devices': [], 'lowpass-enabled': True, 'lowpass-freq': 0.05, 'lowpass-order': 3, 'name': 'method4', 'sample-frequency-hz': 24.0, 'savgol-enabled': True, 'savgol-order': 3, 'savgol-window': 5, 'steps': [{'V': -0.75, 'data-collect': 'no', 'duration': 1.0, 'name': '', 'relays-on': [], 'type': 'constant'}, {'V1': -0.75, 'V2': 0.75, 'data-collect': 'background', 'duration': 1.0, 'name': '', 'relays-on': [], 'type': 'ramp'}, {'V': 0.75, 'data-collect': 'no', 'duration': 1.0, 'name': '', 'relays-on': [], 'type': 'constant'}, {'V': -0.75, 'data-collect': 'no', 'duration': 1.0, 'name': '', 'relays-on': [], 'type': 'constant'}, {'V1': -0.75, 'V2': 0.75, 'data-collect': 'signal', 'duration': 1.0, 'name': '', 'relays-on': [], 'type': 'ramp'}, {'V': 0.75, 'data-collect': 'no', 'duration': 1.0, 'name': '', 'relays-on': [], 'type': 'constant'}], 'unit': 'mg/L', 'uid': 'method-0'}], 'samples': [{'name': 'new sample', 'date_sample_collected': '2000-01-01', 'location_collected': '', 'contact_info': '', 'collected_by': '', 'sample_comments': '', 'uid': 'sample-0'}, {'name': 'abc', 'date_sample_collected': '2000-01-01', 'location_collected': '', 'contact_info': '', 'collected_by': '', 'sample_comments': '', 'uid': 'sample-1'}], 'runs': [{'uid': 'run-0', 'created': '2026-08-18 11:09pm', 'sample': 'sample-0', 'method': 'method-0', 'device': 'Rodeostat', 'notes': '', 'run_type': 'sample', 'sample_vol': 0.03, 'total_vol': 0.04, 'replicates': [{'uid': 'rep-0', 'status': 'completed', 'time-ended': '2026-08-18 11:10pm', 'notes': '', 'analysis': {}}, {'uid': 'rep-1', 'status': 'completed', 'time-ended': '2026-08-18 11:10pm', 'notes': '', 'analysis': {'peak_x': 0.111, 'peak_y': -0.15234516048338498, 'peak_ht': 0.07836388047685458, 'baseline_lower_x': -0.3195, 'baseline_lower_y': -0.26423794164179293, 'baseline_upper_x': 0.48, 'baseline_upper_y': -0.20196998323319384, 'max-derivative-left': 0.45587642355450997, 'max-derivative-right': 0.237948626607638, 'mean-max-derivatives': 0.34691252508107395}}, {'uid': 'rep-2', 'status': 'completed', 'time-ended': '2026-08-18 11:10pm', 'notes': '', 'analysis': {}}]}, {'uid': 'run-1', 'created': '2026-08-23 10:48am', 'sample': 'sample-0', 'method': 'method-0', 'device': 'Rodeostat', 'notes': '', 'run_type': 'sample', 'sample_vol': 0.03, 'total_vol': 0.04, 'replicates': [{'uid': 'rep-0', 'status': 'completed', 'time-ended': '2026-08-23 11:10am', 'notes': '', 'analysis': {}}, {'uid': 'rep-1', 'status': 'completed', 'time-ended': '2026-08-23 11:10am', 'notes': '', 'analysis': {}}, {'uid': 'rep-2', 'status': 'completed', 'time-ended': '2026-08-23 11:11am', 'notes': '', 'analysis': {}}]}, {'uid': 'run-2', 'created': '2026-08-24 11:00am', 'sample': 'sample-0', 'method': 'method-0', 'device': 'Rodeostat', 'notes': '', 'run_type': 'blank', 'replicates': [{'uid': 'rep-0', 'status': 'pending', 'time-ended': '', 'notes': '', 'analysis': {}}]}], 'calculations': []}
INFO:__main__: Data read complete!
INFO:__main__: -----------------------
INFO:__main__:
INFO:__main__:
INFO:__main__:
INFO:__main__: ---Started---
INFO:__main__: successful write: zzz
INFO:__main__: Completed all imports
INFO:__main__: successful write: aaa
INFO:__main__: Arrived at read
INFO:__main__: successful write: 0123456789
INFO:__main__: Can read data
INFO:__main__: successful write: {'session_name': 'test session 88', 'date_first_saved': '2026-08-17 11:57am', 'methods': [{'confidence-level': 0.95, 'current-range': '1000uA', 'detection-limit': 1.0, 'expected-max-peak-voltage': 0.6, 'expected-min-peak-voltage': -0.25, 'ext_devices': [], 'lowpass-enabled': True, 'lowpass-freq': 0.05, 'lowpass-order': 3, 'name': 'method4', 'sample-frequency-hz': 24.0, 'savgol-enabled': True, 'savgol-order': 3, 'savgol-window': 5, 'steps': [{'V': -0.75, 'data-collect': 'no', 'duration': 1.0, 'name': '', 'relays-on': [], 'type': 'constant'}, {'V1': -0.75, 'V2': 0.75, 'data-collect': 'background', 'duration': 1.0, 'name': '', 'relays-on': [], 'type': 'ramp'}, {'V': 0.75, 'data-collect': 'no', 'duration': 1.0, 'name': '', 'relays-on': [], 'type': 'constant'}, {'V': -0.75, 'data-collect': 'no', 'duration': 1.0, 'name': '', 'relays-on': [], 'type': 'constant'}, {'V1': -0.75, 'V2': 0.75, 'data-collect': 'signal', 'duration': 1.0, 'name': '', 'relays-on': [], 'type': 'ramp'}, {'V': 0.75, 'data-collect': 'no', 'duration': 1.0, 'name': '', 'relays-on': [], 'type': 'constant'}], 'unit': 'mg/L', 'uid': 'method-0'}], 'samples': [{'name': 'new sample', 'date_sample_collected': '2000-01-01', 'location_collected': '', 'contact_info': '', 'collected_by': '', 'sample_comments': '', 'uid': 'sample-0'}, {'name': 'abc', 'date_sample_collected': '2000-01-01', 'location_collected': '', 'contact_info': '', 'collected_by': '', 'sample_comments': '', 'uid': 'sample-1'}], 'runs': [{'uid': 'run-0', 'created': '2026-08-18 11:09pm', 'sample': 'sample-0', 'method': 'method-0', 'device': 'Rodeostat', 'notes': '', 'run_type': 'sample', 'sample_vol': 0.03, 'total_vol': 0.04, 'replicates': [{'uid': 'rep-0', 'status': 'completed', 'time-ended': '2026-08-18 11:10pm', 'notes': '', 'analysis': {}}, {'uid': 'rep-1', 'status': 'completed', 'time-ended': '2026-08-18 11:10pm', 'notes': '', 'analysis': {'peak_x': 0.111, 'peak_y': -0.15234516048338498, 'peak_ht': 0.07836388047685458, 'baseline_lower_x': -0.3195, 'baseline_lower_y': -0.26423794164179293, 'baseline_upper_x': 0.48, 'baseline_upper_y': -0.20196998323319384, 'max-derivative-left': 0.45587642355450997, 'max-derivative-right': 0.237948626607638, 'mean-max-derivatives': 0.34691252508107395}}, {'uid': 'rep-2', 'status': 'completed', 'time-ended': '2026-08-18 11:10pm', 'notes': '', 'analysis': {}}]}, {'uid': 'run-1', 'created': '2026-08-23 10:48am', 'sample': 'sample-0', 'method': 'method-0', 'device': 'Rodeostat', 'notes': '', 'run_type': 'sample', 'sample_vol': 0.03, 'total_vol': 0.04, 'replicates': [{'uid': 'rep-0', 'status': 'completed', 'time-ended': '2026-08-23 11:10am', 'notes': '', 'analysis': {}}, {'uid': 'rep-1', 'status': 'completed', 'time-ended': '2026-08-23 11:10am', 'notes': '', 'analysis': {}}, {'uid': 'rep-2', 'status': 'completed', 'time-ended': '2026-08-23 11:11am', 'notes': '', 'analysis': {}}]}, {'uid': 'run-2', 'created': '2026-08-24 11:00am', 'sample': 'sample-0', 'method': 'method-0', 'device': 'Rodeostat', 'notes': '', 'run_type': 'blank', 'replicates': [{'uid': 'rep-0', 'status': 'pending', 'time-ended': '', 'notes': '', 'analysis': {}}]}], 'calculations': []}
INFO:__main__: Data read complete!
INFO:__main__: -----------------------
INFO:__main__:
INFO:__main__:
INFO:__main__:
INFO:__main__: ---Started---
INFO:__main__: successful write: zzz
INFO:__main__: Completed all imports
INFO:__main__: successful write: aaa
INFO:__main__: Arrived at read
INFO:__main__: successful write: 0123456789
INFO:__main__: Can read data
INFO:__main__: successful write: {'session_name': 'test session 87', 'date_first_saved': '2026-08-17 11:57am', 'methods': [{'confidence-level': 0.95, 'current-range': '1000uA', 'detection-limit': 1.0, 'expected-max-peak-voltage': 0.6, 'expected-min-peak-voltage': -0.25, 'ext_devices': [], 'lowpass-enabled': True, 'lowpass-freq': 0.05, 'lowpass-order': 3, 'name': 'method4', 'sample-frequency-hz': 24.0, 'savgol-enabled': True, 'savgol-order': 3, 'savgol-window': 5, 'steps': [{'V': -0.75, 'data-collect': 'no', 'duration': 1.0, 'name': '', 'relays-on': [], 'type': 'constant'}, {'V1': -0.75, 'V2': 0.75, 'data-collect': 'background', 'duration': 1.0, 'name': '', 'relays-on': [], 'type': 'ramp'}, {'V': 0.75, 'data-collect': 'no', 'duration': 1.0, 'name': '', 'relays-on': [], 'type': 'constant'}, {'V': -0.75, 'data-collect': 'no', 'duration': 1.0, 'name': '', 'relays-on': [], 'type': 'constant'}, {'V1': -0.75, 'V2': 0.75, 'data-collect': 'signal', 'duration': 1.0, 'name': '', 'relays-on': [], 'type': 'ramp'}, {'V': 0.75, 'data-collect': 'no', 'duration': 1.0, 'name': '', 'relays-on': [], 'type': 'constant'}], 'unit': 'mg/L', 'uid': 'method-0'}], 'samples': [{'name': 'new sample', 'date_sample_collected': '2000-01-01', 'location_collected': '', 'contact_info': '', 'collected_by': '', 'sample_comments': '', 'uid': 'sample-0'}, {'name': 'abc', 'date_sample_collected': '2000-01-01', 'location_collected': '', 'contact_info': '', 'collected_by': '', 'sample_comments': '', 'uid': 'sample-1'}], 'runs': [{'uid': 'run-0', 'created': '2026-08-18 11:09pm', 'sample': 'sample-0', 'method': 'method-0', 'device': 'Rodeostat', 'notes': '', 'run_type': 'sample', 'sample_vol': 0.03, 'total_vol': 0.04, 'replicates': [{'uid': 'rep-0', 'status': 'completed', 'time-ended': '2026-08-18 11:10pm', 'notes': '', 'analysis': {}}, {'uid': 'rep-1', 'status': 'completed', 'time-ended': '2026-08-18 11:10pm', 'notes': '', 'analysis': {'peak_x': 0.111, 'peak_y': -0.15234516048338498, 'peak_ht': 0.07836388047685458, 'baseline_lower_x': -0.3195, 'baseline_lower_y': -0.26423794164179293, 'baseline_upper_x': 0.48, 'baseline_upper_y': -0.20196998323319384, 'max-derivative-left': 0.45587642355450997, 'max-derivative-right': 0.237948626607638, 'mean-max-derivatives': 0.34691252508107395}}, {'uid': 'rep-2', 'status': 'completed', 'time-ended': '2026-08-18 11:10pm', 'notes': '', 'analysis': {}}]}, {'uid': 'run-1', 'created': '2026-08-23 10:48am', 'sample': 'sample-0', 'method': 'method-0', 'device': 'Rodeostat', 'notes': '', 'run_type': 'sample', 'sample_vol': 0.03, 'total_vol': 0.04, 'replicates': [{'uid': 'rep-0', 'status': 'completed', 'time-ended': '2026-08-23 11:10am', 'notes': '', 'analysis': {}}, {'uid': 'rep-1', 'status': 'completed', 'time-ended': '2026-08-23 11:10am', 'notes': '', 'analysis': {}}, {'uid': 'rep-2', 'status': 'completed', 'time-ended': '2026-08-23 11:11am', 'notes': '', 'analysis': {}}]}, {'uid': 'run-2', 'created': '2026-08-24 11:00am', 'sample': 'sample-0', 'method': 'method-0', 'device': 'Rodeostat', 'notes': '', 'run_type': 'blank', 'replicates': [{'uid': 'rep-0', 'status': 'pending', 'time-ended': '', 'notes': '', 'analysis': {}}]}], 'calculations': []}
INFO:__main__: Data read complete!
INFO:__main__: -----------------------
INFO:__main__:
INFO:__main__:
INFO:__main__:
INFO:__main__: ---Started---
INFO:__main__: successful write: zzz
INFO:__main__: Completed all imports
INFO:__main__: successful write: aaa
INFO:__main__: Arrived at read
INFO:__main__: successful write: 0123456789
INFO:__main__: Can read data
INFO:__main__: successful write: {'session_name': 'test session 87', 'date_first_saved': '2026-08-17 11:57am', 'methods': [{'confidence-level': 0.95, 'current-range': '1000uA', 'detection-limit': 1.0, 'expected-max-peak-voltage': 0.6, 'expected-min-peak-voltage': -0.25, 'ext_devices': [], 'lowpass-enabled': True, 'lowpass-freq': 0.05, 'lowpass-order': 3, 'name': 'method4', 'sample-frequency-hz': 24.0, 'savgol-enabled': True, 'savgol-order': 3, 'savgol-window': 5, 'steps': [{'V': -0.75, 'data-collect': 'no', 'duration': 1.0, 'name': '', 'relays-on': [], 'type': 'constant'}, {'V1': -0.75, 'V2': 0.75, 'data-collect': 'background', 'duration': 1.0, 'name': '', 'relays-on': [], 'type': 'ramp'}, {'V': 0.75, 'data-collect': 'no', 'duration': 1.0, 'name': '', 'relays-on': [], 'type': 'constant'}, {'V': -0.75, 'data-collect': 'no', 'duration': 1.0, 'name': '', 'relays-on': [], 'type': 'constant'}, {'V1': -0.75, 'V2': 0.75, 'data-collect': 'signal', 'duration': 1.0, 'name': '', 'relays-on': [], 'type': 'ramp'}, {'V': 0.75, 'data-collect': 'no', 'duration': 1.0, 'name': '', 'relays-on': [], 'type': 'constant'}], 'unit': 'mg/L', 'uid': 'method-0'}], 'samples': [{'name': 'new sample', 'date_sample_collected': '2000-01-01', 'location_collected': '', 'contact_info': '', 'collected_by': '', 'sample_comments': '', 'uid': 'sample-0'}, {'name': 'abc', 'date_sample_collected': '2000-01-01', 'location_collected': '', 'contact_info': '', 'collected_by': '', 'sample_comments': '', 'uid': 'sample-1'}], 'runs': [{'uid': 'run-0', 'created': '2026-08-18 11:09pm', 'sample': 'sample-0', 'method': 'method-0', 'device': 'Rodeostat', 'notes': '', 'run_type': 'sample', 'sample_vol': 0.03, 'total_vol': 0.04, 'replicates': [{'uid': 'rep-0', 'status': 'completed', 'time-ended': '2026-08-18 11:10pm', 'notes': '', 'analysis': {}}, {'uid': 'rep-1', 'status': 'completed', 'time-ended': '2026-08-18 11:10pm', 'notes': '', 'analysis': {'peak_x': 0.111, 'peak_y': -0.15234516048338498, 'peak_ht': 0.07836388047685458, 'baseline_lower_x': -0.3195, 'baseline_lower_y': -0.26423794164179293, 'baseline_upper_x': 0.48, 'baseline_upper_y': -0.20196998323319384, 'max-derivative-left': 0.45587642355450997, 'max-derivative-right': 0.237948626607638, 'mean-max-derivatives': 0.34691252508107395}}, {'uid': 'rep-2', 'status': 'completed', 'time-ended': '2026-08-18 11:10pm', 'notes': '', 'analysis': {}}]}, {'uid': 'run-1', 'created': '2026-08-23 10:48am', 'sample': 'sample-0', 'method': 'method-0', 'device': 'Rodeostat', 'notes': '', 'run_type': 'sample', 'sample_vol': 0.03, 'total_vol': 0.04, 'replicates': [{'uid': 'rep-0', 'status': 'completed', 'time-ended': '2026-08-23 11:10am', 'notes': '', 'analysis': {}}, {'uid': 'rep-1', 'status': 'completed', 'time-ended': '2026-08-23 11:10am', 'notes': '', 'analysis': {}}, {'uid': 'rep-2', 'status': 'completed', 'time-ended': '2026-08-23 11:11am', 'notes': '', 'analysis': {}}]}, {'uid': 'run-2', 'created': '2026-08-24 11:00am', 'sample': 'sample-0', 'method': 'method-0', 'device': 'Rodeostat', 'notes': '', 'run_type': 'blank', 'replicates': [{'uid': 'rep-0', 'status': 'pending', 'time-ended': '', 'notes': '', 'analysis': {}}]}], 'calculations': []}
INFO:__main__: Data read complete!
INFO:__main__: -----------------------
INFO:__main__:
INFO:__main__:
INFO:__main__:
INFO:__main__: ---Started---
INFO:__main__: successful write: zzz
INFO:__main__: Completed all imports
INFO:__main__: successful write: aaa
INFO:__main__: Arrived at read
INFO:__main__: successful write: 0123456789
INFO:__main__: Can read data
INFO:__main__: successful write: {'session_name': 'test session 87', 'date_first_saved': '2026-08-17 11:57am', 'methods': [{'confidence-level': 0.95, 'current-range': '1000uA', 'detection-limit': 1.0, 'expected-max-peak-voltage': 0.6, 'expected-min-peak-voltage': -0.25, 'ext_devices': [], 'lowpass-enabled': True, 'lowpass-freq': 0.05, 'lowpass-order': 3, 'name': 'method4', 'sample-frequency-hz': 24.0, 'savgol-enabled': True, 'savgol-order': 3, 'savgol-window': 5, 'steps': [{'V': -0.75, 'data-collect': 'no', 'duration': 1.0, 'name': '', 'relays-on': [], 'type': 'constant'}, {'V1': -0.75, 'V2': 0.75, 'data-collect': 'background', 'duration': 1.0, 'name': '', 'relays-on': [], 'type': 'ramp'}, {'V': 0.75, 'data-collect': 'no', 'duration': 1.0, 'name': '', 'relays-on': [], 'type': 'constant'}, {'V': -0.75, 'data-collect': 'no', 'duration': 1.0, 'name': '', 'relays-on': [], 'type': 'constant'}, {'V1': -0.75, 'V2': 0.75, 'data-collect': 'signal', 'duration': 1.0, 'name': '', 'relays-on': [], 'type': 'ramp'}, {'V': 0.75, 'data-collect': 'no', 'duration': 1.0, 'name': '', 'relays-on': [], 'type': 'constant'}], 'unit': 'mg/L', 'uid': 'method-0'}], 'samples': [{'name': 'new sample', 'date_sample_collected': '2000-01-01', 'location_collected': '', 'contact_info': '', 'collected_by': '', 'sample_comments': '', 'uid': 'sample-0'}, {'name': 'abc', 'date_sample_collected': '2000-01-01', 'location_collected': '', 'contact_info': '', 'collected_by': '', 'sample_comments': '', 'uid': 'sample-1'}], 'runs': [{'uid': 'run-0', 'created': '2026-08-18 11:09pm', 'sample': 'sample-0', 'method': 'method-0', 'device': 'Rodeostat', 'notes': '', 'run_type': 'sample', 'sample_vol': 0.03, 'total_vol': 0.04, 'replicates': [{'uid': 'rep-0', 'status': 'completed', 'time-ended': '2026-08-18 11:10pm', 'notes': '', 'analysis': {}}, {'uid': 'rep-1', 'status': 'completed', 'time-ended': '2026-08-18 11:10pm', 'notes': '', 'analysis': {'peak_x': 0.111, 'peak_y': -0.15234516048338498, 'peak_ht': 0.07836388047685458, 'baseline_lower_x': -0.3195, 'baseline_lower_y': -0.26423794164179293, 'baseline_upper_x': 0.48, 'baseline_upper_y': -0.20196998323319384, 'max-derivative-left': 0.45587642355450997, 'max-derivative-right': 0.237948626607638, 'mean-max-derivatives': 0.34691252508107395}}, {'uid': 'rep-2', 'status': 'completed', 'time-ended': '2026-08-18 11:10pm', 'notes': '', 'analysis': {}}]}, {'uid': 'run-1', 'created': '2026-08-23 10:48am', 'sample': 'sample-0', 'method': 'method-0', 'device': 'Rodeostat', 'notes': '', 'run_type': 'sample', 'sample_vol': 0.03, 'total_vol': 0.04, 'replicates': [{'uid': 'rep-0', 'status': 'completed', 'time-ended': '2026-08-23 11:10am', 'notes': '', 'analysis': {}}, {'uid': 'rep-1', 'status': 'completed', 'time-ended': '2026-08-23 11:10am', 'notes': '', 'analysis': {}}, {'uid': 'rep-2', 'status': 'completed', 'time-ended': '2026-08-23 11:11am', 'notes': '', 'analysis': {}}]}, {'uid': 'run-2', 'created': '2026-08-24 11:00am', 'sample': 'sample-0', 'method': 'method-0', 'device': 'Rodeostat', 'notes': '', 'run_type': 'blank', 'replicates': [{'uid': 'rep-0', 'status': 'pending', 'time-ended': '', 'notes': '', 'analysis': {}}]}], 'calculations': []}
INFO:__main__: Data read complete!
INFO:__main__: -----------------------
INFO:__main__:
INFO:__main__:
INFO:__main__:
INFO:__main__: ---Started---
INFO:__main__: successful write: zzz
INFO:__main__: Completed all imports
INFO:__main__: successful write: aaa
INFO:__main__: Arrived at read
INFO:__main__: successful write: 0123456789
INFO:__main__: Can read data
INFO:__main__: successful write: {'session_name': 'test session 87', 'date_first_saved': '2026-08-17 11:57am', 'methods': [{'confidence-level': 0.95, 'current-range': '1000uA', 'detection-limit': 1.0, 'expected-max-peak-voltage': 0.6, 'expected-min-peak-voltage': -0.25, 'ext_devices': [], 'lowpass-enabled': True, 'lowpass-freq': 0.05, 'lowpass-order': 3, 'name': 'method4', 'sample-frequency-hz': 24.0, 'savgol-enabled': True, 'savgol-order': 3, 'savgol-window': 5, 'steps': [{'V': -0.75, 'data-collect': 'no', 'duration': 1.0, 'name': '', 'relays-on': [], 'type': 'constant'}, {'V1': -0.75, 'V2': 0.75, 'data-collect': 'background', 'duration': 1.0, 'name': '', 'relays-on': [], 'type': 'ramp'}, {'V': 0.75, 'data-collect': 'no', 'duration': 1.0, 'name': '', 'relays-on': [], 'type': 'constant'}, {'V': -0.75, 'data-collect': 'no', 'duration': 1.0, 'name': '', 'relays-on': [], 'type': 'constant'}, {'V1': -0.75, 'V2': 0.75, 'data-collect': 'signal', 'duration': 1.0, 'name': '', 'relays-on': [], 'type': 'ramp'}, {'V': 0.75, 'data-collect': 'no', 'duration': 1.0, 'name': '', 'relays-on': [], 'type': 'constant'}], 'unit': 'mg/L', 'uid': 'method-0'}], 'samples': [{'name': 'new sample', 'date_sample_collected': '2000-01-01', 'location_collected': '', 'contact_info': '', 'collected_by': '', 'sample_comments': '', 'uid': 'sample-0'}, {'name': 'abc', 'date_sample_collected': '2000-01-01', 'location_collected': '', 'contact_info': '', 'collected_by': '', 'sample_comments': '', 'uid': 'sample-1'}], 'runs': [{'uid': 'run-0', 'created': '2026-08-18 11:09pm', 'sample': 'sample-0', 'method': 'method-0', 'device': 'Rodeostat', 'notes': '', 'run_type': 'sample', 'sample_vol': 0.03, 'total_vol': 0.04, 'replicates': [{'uid': 'rep-0', 'status': 'completed', 'time-ended': '2026-08-18 11:10pm', 'notes': '', 'analysis': {}}, {'uid': 'rep-1', 'status': 'completed', 'time-ended': '2026-08-18 11:10pm', 'notes': '', 'analysis': {'peak_x': 0.111, 'peak_y': -0.15234516048338498, 'peak_ht': 0.07836388047685458, 'baseline_lower_x': -0.3195, 'baseline_lower_y': -0.26423794164179293, 'baseline_upper_x': 0.48, 'baseline_upper_y': -0.20196998323319384, 'max-derivative-left': 0.45587642355450997, 'max-derivative-right': 0.237948626607638, 'mean-max-derivatives': 0.34691252508107395}}, {'uid': 'rep-2', 'status': 'completed', 'time-ended': '2026-08-18 11:10pm', 'notes': '', 'analysis': {}}]}, {'uid': 'run-1', 'created': '2026-08-23 10:48am', 'sample': 'sample-0', 'method': 'method-0', 'device': 'Rodeostat', 'notes': '', 'run_type': 'sample', 'sample_vol': 0.03, 'total_vol': 0.04, 'replicates': [{'uid': 'rep-0', 'status': 'completed', 'time-ended': '2026-08-23 11:10am', 'notes': '', 'analysis': {}}, {'uid': 'rep-1', 'status': 'completed', 'time-ended': '2026-08-23 11:10am', 'notes': '', 'analysis': {}}, {'uid': 'rep-2', 'status': 'completed', 'time-ended': '2026-08-23 11:11am', 'notes': '', 'analysis': {}}]}, {'uid': 'run-2', 'created': '2026-08-24 11:00am', 'sample': 'sample-0', 'method': 'method-0', 'device': 'Rodeostat', 'notes': '', 'run_type': 'blank', 'replicates': [{'uid': 'rep-0', 'status': 'pending', 'time-ended': '', 'notes': '', 'analysis': {}}]}], 'calculations': []}
INFO:__main__: Data read complete!
INFO:__main__: -----------------------
INFO:__main__:
INFO:__main__:
INFO:__main__:
INFO:__main__: ---Started---
INFO:__main__: successful write: zzz
INFO:__main__: Completed all imports
INFO:__main__: successful write: aaa
INFO:__main__: Arrived at read
INFO:__main__: successful write: 0123456789
INFO:__main__: Can read data
INFO:__main__: successful write: {'session_name': 'test session 87', 'date_first_saved': '2026-08-17 11:57am', 'methods': [{'confidence-level': 0.95, 'current-range': '1000uA', 'detection-limit': 1.0, 'expected-max-peak-voltage': 0.6, 'expected-min-peak-voltage': -0.25, 'ext_devices': [], 'lowpass-enabled': True, 'lowpass-freq': 0.05, 'lowpass-order': 3, 'name': 'method4', 'sample-frequency-hz': 24.0, 'savgol-enabled': True, 'savgol-order': 3, 'savgol-window': 5, 'steps': [{'V': -0.75, 'data-collect': 'no', 'duration': 1.0, 'name': '', 'relays-on': [], 'type': 'constant'}, {'V1': -0.75, 'V2': 0.75, 'data-collect': 'background', 'duration': 1.0, 'name': '', 'relays-on': [], 'type': 'ramp'}, {'V': 0.75, 'data-collect': 'no', 'duration': 1.0, 'name': '', 'relays-on': [], 'type': 'constant'}, {'V': -0.75, 'data-collect': 'no', 'duration': 1.0, 'name': '', 'relays-on': [], 'type': 'constant'}, {'V1': -0.75, 'V2': 0.75, 'data-collect': 'signal', 'duration': 1.0, 'name': '', 'relays-on': [], 'type': 'ramp'}, {'V': 0.75, 'data-collect': 'no', 'duration': 1.0, 'name': '', 'relays-on': [], 'type': 'constant'}], 'unit': 'mg/L', 'uid': 'method-0'}], 'samples': [{'name': 'new sample', 'date_sample_collected': '2000-01-01', 'location_collected': '', 'contact_info': '', 'collected_by': '', 'sample_comments': '', 'uid': 'sample-0'}, {'name': 'abc', 'date_sample_collected': '2000-01-01', 'location_collected': '', 'contact_info': '', 'collected_by': '', 'sample_comments': '', 'uid': 'sample-1'}], 'runs': [{'uid': 'run-0', 'created': '2026-08-18 11:09pm', 'sample': 'sample-0', 'method': 'method-0', 'device': 'Rodeostat', 'notes': '', 'run_type': 'sample', 'sample_vol': 0.03, 'total_vol': 0.04, 'replicates': [{'uid': 'rep-0', 'status': 'completed', 'time-ended': '2026-08-18 11:10pm', 'notes': '', 'analysis': {}}, {'uid': 'rep-1', 'status': 'completed', 'time-ended': '2026-08-18 11:10pm', 'notes': '', 'analysis': {'peak_x': 0.111, 'peak_y': -0.15234516048338498, 'peak_ht': 0.07836388047685458, 'baseline_lower_x': -0.3195, 'baseline_lower_y': -0.26423794164179293, 'baseline_upper_x': 0.48, 'baseline_upper_y': -0.20196998323319384, 'max-derivative-left': 0.45587642355450997, 'max-derivative-right': 0.237948626607638, 'mean-max-derivatives': 0.34691252508107395}}, {'uid': 'rep-2', 'status': 'completed', 'time-ended': '2026-08-18 11:10pm', 'notes': '', 'analysis': {}}]}, {'uid': 'run-1', 'created': '2026-08-23 10:48am', 'sample': 'sample-0', 'method': 'method-0', 'device': 'Rodeostat', 'notes': '', 'run_type': 'sample', 'sample_vol': 0.03, 'total_vol': 0.04, 'replicates': [{'uid': 'rep-0', 'status': 'completed', 'time-ended': '2026-08-23 11:10am', 'notes': '', 'analysis': {}}, {'uid': 'rep-1', 'status': 'completed', 'time-ended': '2026-08-23 11:10am', 'notes': '', 'analysis': {}}, {'uid': 'rep-2', 'status': 'completed', 'time-ended': '2026-08-23 11:11am', 'notes': '', 'analysis': {}}]}, {'uid': 'run-2', 'created': '2026-08-24 11:00am', 'sample': 'sample-0', 'method': 'method-0', 'device': 'Rodeostat', 'notes': '', 'run_type': 'blank', 'replicates': [{'uid': 'rep-0', 'status': 'pending', 'time-ended': '', 'notes': '', 'analysis': {}}]}], 'calculations': []}
INFO:__main__: Data read complete!
INFO:__main__: -----------------------
INFO:__main__:
INFO:__main__:
INFO:__main__:
INFO:__main__: ---Started---
INFO:__main__: successful write: zzz
INFO:__main__: Completed all imports
INFO:__main__: successful write: aaa
INFO:__main__: Arrived at read
INFO:__main__: successful write: 0123456789
INFO:__main__: Can read data
INFO:__main__: successful write: {'session_name': 'test session 87', 'date_first_saved': '2026-08-17 11:57am', 'methods': [{'confidence-level': 0.95, 'current-range': '1000uA', 'detection-limit': 1.0, 'expected-max-peak-voltage': 0.6, 'expected-min-peak-voltage': -0.25, 'ext_devices': [], 'lowpass-enabled': True, 'lowpass-freq': 0.05, 'lowpass-order': 3, 'name': 'method4', 'sample-frequency-hz': 24.0, 'savgol-enabled': True, 'savgol-order': 3, 'savgol-window': 5, 'steps': [{'V': -0.75, 'data-collect': 'no', 'duration': 1.0, 'name': '', 'relays-on': [], 'type': 'constant'}, {'V1': -0.75, 'V2': 0.75, 'data-collect': 'background', 'duration': 1.0, 'name': '', 'relays-on': [], 'type': 'ramp'}, {'V': 0.75, 'data-collect': 'no', 'duration': 1.0, 'name': '', 'relays-on': [], 'type': 'constant'}, {'V': -0.75, 'data-collect': 'no', 'duration': 1.0, 'name': '', 'relays-on': [], 'type': 'constant'}, {'V1': -0.75, 'V2': 0.75, 'data-collect': 'signal', 'duration': 1.0, 'name': '', 'relays-on': [], 'type': 'ramp'}, {'V': 0.75, 'data-collect': 'no', 'duration': 1.0, 'name': '', 'relays-on': [], 'type': 'constant'}], 'unit': 'mg/L', 'uid': 'method-0'}], 'samples': [{'name': 'new sample', 'date_sample_collected': '2000-01-01', 'location_collected': '', 'contact_info': '', 'collected_by': '', 'sample_comments': '', 'uid': 'sample-0'}, {'name': 'abc', 'date_sample_collected': '2000-01-01', 'location_collected': '', 'contact_info': '', 'collected_by': '', 'sample_comments': '', 'uid': 'sample-1'}], 'runs': [{'uid': 'run-0', 'created': '2026-08-18 11:09pm', 'sample': 'sample-0', 'method': 'method-0', 'device': 'Rodeostat', 'notes': '', 'run_type': 'sample', 'sample_vol': 0.03, 'total_vol': 0.04, 'replicates': [{'uid': 'rep-0', 'status': 'completed', 'time-ended': '2026-08-18 11:10pm', 'notes': '', 'analysis': {}}, {'uid': 'rep-1', 'status': 'completed', 'time-ended': '2026-08-18 11:10pm', 'notes': '', 'analysis': {'peak_x': 0.111, 'peak_y': -0.15234516048338498, 'peak_ht': 0.07836388047685458, 'baseline_lower_x': -0.3195, 'baseline_lower_y': -0.26423794164179293, 'baseline_upper_x': 0.48, 'baseline_upper_y': -0.20196998323319384, 'max-derivative-left': 0.45587642355450997, 'max-derivative-right': 0.237948626607638, 'mean-max-derivatives': 0.34691252508107395}}, {'uid': 'rep-2', 'status': 'completed', 'time-ended': '2026-08-18 11:10pm', 'notes': '', 'analysis': {}}]}, {'uid': 'run-1', 'created': '2026-08-23 10:48am', 'sample': 'sample-0', 'method': 'method-0', 'device': 'Rodeostat', 'notes': '', 'run_type': 'sample', 'sample_vol': 0.03, 'total_vol': 0.04, 'replicates': [{'uid': 'rep-0', 'status': 'completed', 'time-ended': '2026-08-23 11:10am', 'notes': '', 'analysis': {}}, {'uid': 'rep-1', 'status': 'completed', 'time-ended': '2026-08-23 11:10am', 'notes': '', 'analysis': {}}, {'uid': 'rep-2', 'status': 'completed', 'time-ended': '2026-08-23 11:11am', 'notes': '', 'analysis': {}}]}, {'uid': 'run-2', 'created': '2026-08-24 11:00am', 'sample': 'sample-0', 'method': 'method-0', 'device': 'Rodeostat', 'notes': '', 'run_type': 'blank', 'replicates': [{'uid': 'rep-0', 'status': 'pending', 'time-ended': '', 'notes': '', 'analysis': {}}]}], 'calculations': []}
INFO:__main__: Data read complete!
INFO:__main__: -----------------------
INFO:__main__:
INFO:__main__:
INFO:__main__:
INFO:__main__: ---Started---
INFO:__main__: successful write: zzz
INFO:__main__: Completed all imports
INFO:__main__: successful write: aaa
INFO:__main__: Arrived at read
INFO:__main__: successful write: 0123456789
INFO:__main__: Can read data
INFO:__main__: successful write: {'session_name': 'test session 86', 'date_first_saved': '2026-08-17 11:57am', 'methods': [{'confidence-level': 0.95, 'current-range': '1000uA', 'detection-limit': 1.0, 'expected-max-peak-voltage': 0.6, 'expected-min-peak-voltage': -0.25, 'ext_devices': [], 'lowpass-enabled': True, 'lowpass-freq': 0.05, 'lowpass-order': 3, 'name': 'method4', 'sample-frequency-hz': 24.0, 'savgol-enabled': True, 'savgol-order': 3, 'savgol-window': 5, 'steps': [{'V': -0.75, 'data-collect': 'no', 'duration': 1.0, 'name': '', 'relays-on': [], 'type': 'constant'}, {'V1': -0.75, 'V2': 0.75, 'data-collect': 'background', 'duration': 1.0, 'name': '', 'relays-on': [], 'type': 'ramp'}, {'V': 0.75, 'data-collect': 'no', 'duration': 1.0, 'name': '', 'relays-on': [], 'type': 'constant'}, {'V': -0.75, 'data-collect': 'no', 'duration': 1.0, 'name': '', 'relays-on': [], 'type': 'constant'}, {'V1': -0.75, 'V2': 0.75, 'data-collect': 'signal', 'duration': 1.0, 'name': '', 'relays-on': [], 'type': 'ramp'}, {'V': 0.75, 'data-collect': 'no', 'duration': 1.0, 'name': '', 'relays-on': [], 'type': 'constant'}], 'unit': 'mg/L', 'uid': 'method-0'}], 'samples': [{'name': 'new sample', 'date_sample_collected': '2000-01-01', 'location_collected': '', 'contact_info': '', 'collected_by': '', 'sample_comments': '', 'uid': 'sample-0'}, {'name': 'abc', 'date_sample_collected': '2000-01-01', 'location_collected': '', 'contact_info': '', 'collected_by': '', 'sample_comments': '', 'uid': 'sample-1'}], 'runs': [{'uid': 'run-0', 'created': '2026-08-18 11:09pm', 'sample': 'sample-0', 'method': 'method-0', 'device': 'Rodeostat', 'notes': '', 'run_type': 'sample', 'sample_vol': 0.03, 'total_vol': 0.04, 'replicates': [{'uid': 'rep-0', 'status': 'completed', 'time-ended': '2026-08-18 11:10pm', 'notes': '', 'analysis': {}}, {'uid': 'rep-1', 'status': 'completed', 'time-ended': '2026-08-18 11:10pm', 'notes': '', 'analysis': {'peak_x': 0.111, 'peak_y': -0.15234516048338498, 'peak_ht': 0.07836388047685458, 'baseline_lower_x': -0.3195, 'baseline_lower_y': -0.26423794164179293, 'baseline_upper_x': 0.48, 'baseline_upper_y': -0.20196998323319384, 'max-derivative-left': 0.45587642355450997, 'max-derivative-right': 0.237948626607638, 'mean-max-derivatives': 0.34691252508107395}}, {'uid': 'rep-2', 'status': 'completed', 'time-ended': '2026-08-18 11:10pm', 'notes': '', 'analysis': {}}]}, {'uid': 'run-1', 'created': '2026-08-23 10:48am', 'sample': 'sample-0', 'method': 'method-0', 'device': 'Rodeostat', 'notes': '', 'run_type': 'sample', 'sample_vol': 0.03, 'total_vol': 0.04, 'replicates': [{'uid': 'rep-0', 'status': 'completed', 'time-ended': '2026-08-23 11:10am', 'notes': '', 'analysis': {}}, {'uid': 'rep-1', 'status': 'completed', 'time-ended': '2026-08-23 11:10am', 'notes': '', 'analysis': {}}, {'uid': 'rep-2', 'status': 'completed', 'time-ended': '2026-08-23 11:11am', 'notes': '', 'analysis': {}}]}, {'uid': 'run-2', 'created': '2026-08-24 11:00am', 'sample': 'sample-0', 'method': 'method-0', 'device': 'Rodeostat', 'notes': '', 'run_type': 'blank', 'replicates': [{'uid': 'rep-0', 'status': 'pending', 'time-ended': '', 'notes': '', 'analysis': {}}]}], 'calculations': []}
INFO:__main__: Data read complete!
INFO:__main__: -----------------------
INFO:__main__:
INFO:__main__:
INFO:__main__:
INFO:__main__: ---Started---
INFO:__main__: successful write: zzz
INFO:__main__: Completed all imports
INFO:__main__: successful write: aaa
INFO:__main__: Arrived at read
INFO:__main__: successful write: 0123456789
INFO:__main__: Can read data
INFO:__main__: successful write: {'session_name': 'test session 86', 'date_first_saved': '2026-08-17 11:57am', 'methods': [{'confidence-level': 0.95, 'current-range': '1000uA', 'detection-limit': 1.0, 'expected-max-peak-voltage': 0.6, 'expected-min-peak-voltage': -0.25, 'ext_devices': [], 'lowpass-enabled': True, 'lowpass-freq': 0.05, 'lowpass-order': 3, 'name': 'method4', 'sample-frequency-hz': 24.0, 'savgol-enabled': True, 'savgol-order': 3, 'savgol-window': 5, 'steps': [{'V': -0.75, 'data-collect': 'no', 'duration': 1.0, 'name': '', 'relays-on': [], 'type': 'constant'}, {'V1': -0.75, 'V2': 0.75, 'data-collect': 'background', 'duration': 1.0, 'name': '', 'relays-on': [], 'type': 'ramp'}, {'V': 0.75, 'data-collect': 'no', 'duration': 1.0, 'name': '', 'relays-on': [], 'type': 'constant'}, {'V': -0.75, 'data-collect': 'no', 'duration': 1.0, 'name': '', 'relays-on': [], 'type': 'constant'}, {'V1': -0.75, 'V2': 0.75, 'data-collect': 'signal', 'duration': 1.0, 'name': '', 'relays-on': [], 'type': 'ramp'}, {'V': 0.75, 'data-collect': 'no', 'duration': 1.0, 'name': '', 'relays-on': [], 'type': 'constant'}], 'unit': 'mg/L', 'uid': 'method-0'}], 'samples': [{'name': 'new sample', 'date_sample_collected': '2000-01-01', 'location_collected': '', 'contact_info': '', 'collected_by': '', 'sample_comments': '', 'uid': 'sample-0'}, {'name': 'abc', 'date_sample_collected': '2000-01-01', 'location_collected': '', 'contact_info': '', 'collected_by': '', 'sample_comments': '', 'uid': 'sample-1'}], 'runs': [{'uid': 'run-0', 'created': '2026-08-18 11:09pm', 'sample': 'sample-0', 'method': 'method-0', 'device': 'Rodeostat', 'notes': '', 'run_type': 'sample', 'sample_vol': 0.03, 'total_vol': 0.04, 'replicates': [{'uid': 'rep-0', 'status': 'completed', 'time-ended': '2026-08-18 11:10pm', 'notes': '', 'analysis': {}}, {'uid': 'rep-1', 'status': 'completed', 'time-ended': '2026-08-18 11:10pm', 'notes': '', 'analysis': {'peak_x': 0.111, 'peak_y': -0.15234516048338498, 'peak_ht': 0.07836388047685458, 'baseline_lower_x': -0.3195, 'baseline_lower_y': -0.26423794164179293, 'baseline_upper_x': 0.48, 'baseline_upper_y': -0.20196998323319384, 'max-derivative-left': 0.45587642355450997, 'max-derivative-right': 0.237948626607638, 'mean-max-derivatives': 0.34691252508107395}}, {'uid': 'rep-2', 'status': 'completed', 'time-ended': '2026-08-18 11:10pm', 'notes': '', 'analysis': {}}]}, {'uid': 'run-1', 'created': '2026-08-23 10:48am', 'sample': 'sample-0', 'method': 'method-0', 'device': 'Rodeostat', 'notes': '', 'run_type': 'sample', 'sample_vol': 0.03, 'total_vol': 0.04, 'replicates': [{'uid': 'rep-0', 'status': 'completed', 'time-ended': '2026-08-23 11:10am', 'notes': '', 'analysis': {}}, {'uid': 'rep-1', 'status': 'completed', 'time-ended': '2026-08-23 11:10am', 'notes': '', 'analysis': {}}, {'uid': 'rep-2', 'status': 'completed', 'time-ended': '2026-08-23 11:11am', 'notes': '', 'analysis': {}}]}, {'uid': 'run-2', 'created': '2026-08-24 11:00am', 'sample': 'sample-0', 'method': 'method-0', 'device': 'Rodeostat', 'notes': '', 'run_type': 'blank', 'replicates': [{'uid': 'rep-0', 'status': 'pending', 'time-ended': '', 'notes': '', 'analysis': {}}]}], 'calculations': []}
INFO:__main__: Data read complete!
INFO:__main__: -----------------------
INFO:__main__:
INFO:__main__:
INFO:__main__:
INFO:__main__: ---Started---
INFO:__main__: successful write: zzz
INFO:__main__: Completed all imports
INFO:__main__: successful write: aaa
INFO:__main__: Arrived at read
INFO:__main__: successful write: 0123456789
INFO:__main__: Can read data
INFO:__main__: successful write: {'session_name': 'test session 86', 'date_first_saved': '2026-08-17 11:57am', 'methods': [{'confidence-level': 0.95, 'current-range': '1000uA', 'detection-limit': 1.0, 'expected-max-peak-voltage': 0.6, 'expected-min-peak-voltage': -0.25, 'ext_devices': [], 'lowpass-enabled': True, 'lowpass-freq': 0.05, 'lowpass-order': 3, 'name': 'method4', 'sample-frequency-hz': 24.0, 'savgol-enabled': True, 'savgol-order': 3, 'savgol-window': 5, 'steps': [{'V': -0.75, 'data-collect': 'no', 'duration': 1.0, 'name': '', 'relays-on': [], 'type': 'constant'}, {'V1': -0.75, 'V2': 0.75, 'data-collect': 'background', 'duration': 1.0, 'name': '', 'relays-on': [], 'type': 'ramp'}, {'V': 0.75, 'data-collect': 'no', 'duration': 1.0, 'name': '', 'relays-on': [], 'type': 'constant'}, {'V': -0.75, 'data-collect': 'no', 'duration': 1.0, 'name': '', 'relays-on': [], 'type': 'constant'}, {'V1': -0.75, 'V2': 0.75, 'data-collect': 'signal', 'duration': 1.0, 'name': '', 'relays-on': [], 'type': 'ramp'}, {'V': 0.75, 'data-collect': 'no', 'duration': 1.0, 'name': '', 'relays-on': [], 'type': 'constant'}], 'unit': 'mg/L', 'uid': 'method-0'}], 'samples': [{'name': 'new sample', 'date_sample_collected': '2000-01-01', 'location_collected': '', 'contact_info': '', 'collected_by': '', 'sample_comments': '', 'uid': 'sample-0'}, {'name': 'abc', 'date_sample_collected': '2000-01-01', 'location_collected': '', 'contact_info': '', 'collected_by': '', 'sample_comments': '', 'uid': 'sample-1'}], 'runs': [{'uid': 'run-0', 'created': '2026-08-18 11:09pm', 'sample': 'sample-0', 'method': 'method-0', 'device': 'Rodeostat', 'notes': '', 'run_type': 'sample', 'sample_vol': 0.03, 'total_vol': 0.04, 'replicates': [{'uid': 'rep-0', 'status': 'completed', 'time-ended': '2026-08-18 11:10pm', 'notes': '', 'analysis': {}}, {'uid': 'rep-1', 'status': 'completed', 'time-ended': '2026-08-18 11:10pm', 'notes': '', 'analysis': {'peak_x': 0.111, 'peak_y': -0.15234516048338498, 'peak_ht': 0.07836388047685458, 'baseline_lower_x': -0.3195, 'baseline_lower_y': -0.26423794164179293, 'baseline_upper_x': 0.48, 'baseline_upper_y': -0.20196998323319384, 'max-derivative-left': 0.45587642355450997, 'max-derivative-right': 0.237948626607638, 'mean-max-derivatives': 0.34691252508107395}}, {'uid': 'rep-2', 'status': 'completed', 'time-ended': '2026-08-18 11:10pm', 'notes': '', 'analysis': {}}]}, {'uid': 'run-1', 'created': '2026-08-23 10:48am', 'sample': 'sample-0', 'method': 'method-0', 'device': 'Rodeostat', 'notes': '', 'run_type': 'sample', 'sample_vol': 0.03, 'total_vol': 0.04, 'replicates': [{'uid': 'rep-0', 'status': 'completed', 'time-ended': '2026-08-23 11:10am', 'notes': '', 'analysis': {}}, {'uid': 'rep-1', 'status': 'completed', 'time-ended': '2026-08-23 11:10am', 'notes': '', 'analysis': {}}, {'uid': 'rep-2', 'status': 'completed', 'time-ended': '2026-08-23 11:11am', 'notes': '', 'analysis': {}}]}, {'uid': 'run-2', 'created': '2026-08-24 11:00am', 'sample': 'sample-0', 'method': 'method-0', 'device': 'Rodeostat', 'notes': '', 'run_type': 'blank', 'replicates': [{'uid': 'rep-0', 'status': 'pending', 'time-ended': '', 'notes': '', 'analysis': {}}]}], 'calculations': []}
INFO:__main__: Data read complete!
INFO:__main__: -----------------------
INFO:__main__:
INFO:__main__:
INFO:__main__:
INFO:__main__: ---Started---
INFO:__main__: successful write: zzz
INFO:__main__: Completed all imports
INFO:__main__: successful write: aaa
INFO:__main__: Arrived at read
INFO:__main__: successful write: 0123456789
INFO:__main__: Can read data
INFO:__main__: successful write: {'session_name': 'test session 86', 'date_first_saved': '2026-08-17 11:57am', 'methods': [{'confidence-level': 0.95, 'current-range': '1000uA', 'detection-limit': 1.0, 'expected-max-peak-voltage': 0.6, 'expected-min-peak-voltage': -0.25, 'ext_devices': [], 'lowpass-enabled': True, 'lowpass-freq': 0.05, 'lowpass-order': 3, 'name': 'method4', 'sample-frequency-hz': 24.0, 'savgol-enabled': True, 'savgol-order': 3, 'savgol-window': 5, 'steps': [{'V': -0.75, 'data-collect': 'no', 'duration': 1.0, 'name': '', 'relays-on': [], 'type': 'constant'}, {'V1': -0.75, 'V2': 0.75, 'data-collect': 'background', 'duration': 1.0, 'name': '', 'relays-on': [], 'type': 'ramp'}, {'V': 0.75, 'data-collect': 'no', 'duration': 1.0, 'name': '', 'relays-on': [], 'type': 'constant'}, {'V': -0.75, 'data-collect': 'no', 'duration': 1.0, 'name': '', 'relays-on': [], 'type': 'constant'}, {'V1': -0.75, 'V2': 0.75, 'data-collect': 'signal', 'duration': 1.0, 'name': '', 'relays-on': [], 'type': 'ramp'}, {'V': 0.75, 'data-collect': 'no', 'duration': 1.0, 'name': '', 'relays-on': [], 'type': 'constant'}], 'unit': 'mg/L', 'uid': 'method-0'}], 'samples': [{'name': 'new sample', 'date_sample_collected': '2000-01-01', 'location_collected': '', 'contact_info': '', 'collected_by': '', 'sample_comments': '', 'uid': 'sample-0'}, {'name': 'abc', 'date_sample_collected': '2000-01-01', 'location_collected': '', 'contact_info': '', 'collected_by': '', 'sample_comments': '', 'uid': 'sample-1'}], 'runs': [{'uid': 'run-0', 'created': '2026-08-18 11:09pm', 'sample': 'sample-0', 'method': 'method-0', 'device': 'Rodeostat', 'notes': '', 'run_type': 'sample', 'sample_vol': 0.03, 'total_vol': 0.04, 'replicates': [{'uid': 'rep-0', 'status': 'completed', 'time-ended': '2026-08-18 11:10pm', 'notes': '', 'analysis': {}}, {'uid': 'rep-1', 'status': 'completed', 'time-ended': '2026-08-18 11:10pm', 'notes': '', 'analysis': {'peak_x': 0.111, 'peak_y': -0.15234516048338498, 'peak_ht': 0.07836388047685458, 'baseline_lower_x': -0.3195, 'baseline_lower_y': -0.26423794164179293, 'baseline_upper_x': 0.48, 'baseline_upper_y': -0.20196998323319384, 'max-derivative-left': 0.45587642355450997, 'max-derivative-right': 0.237948626607638, 'mean-max-derivatives': 0.34691252508107395}}, {'uid': 'rep-2', 'status': 'completed', 'time-ended': '2026-08-18 11:10pm', 'notes': '', 'analysis': {}}]}, {'uid': 'run-1', 'created': '2026-08-23 10:48am', 'sample': 'sample-0', 'method': 'method-0', 'device': 'Rodeostat', 'notes': '', 'run_type': 'sample', 'sample_vol': 0.03, 'total_vol': 0.04, 'replicates': [{'uid': 'rep-0', 'status': 'completed', 'time-ended': '2026-08-23 11:10am', 'notes': '', 'analysis': {}}, {'uid': 'rep-1', 'status': 'completed', 'time-ended': '2026-08-23 11:10am', 'notes': '', 'analysis': {}}, {'uid': 'rep-2', 'status': 'completed', 'time-ended': '2026-08-23 11:11am', 'notes': '', 'analysis': {}}]}, {'uid': 'run-2', 'created': '2026-08-24 11:00am', 'sample': 'sample-0', 'method': 'method-0', 'device': 'Rodeostat', 'notes': '', 'run_type': 'blank', 'replicates': [{'uid': 'rep-0', 'status': 'pending', 'time-ended': '', 'notes': '', 'analysis': {}}]}], 'calculations': []}
INFO:__main__: Data read complete!
INFO:__main__: -----------------------
INFO:__main__:
INFO:__main__:
INFO:__main__:
INFO:__main__: ---Started---
INFO:__main__: successful write: zzz
INFO:__main__: Completed all imports
INFO:__main__: successful write: aaa
INFO:__main__: Arrived at read
INFO:__main__: successful write: 0123456789
INFO:__main__: Can read data
INFO:__main__: successful write: {'session_name': 'test session 86', 'date_first_saved': '2026-08-17 11:57am', 'methods': [{'confidence-level': 0.95, 'current-range': '1000uA', 'detection-limit': 1.0, 'expected-max-peak-voltage': 0.6, 'expected-min-peak-voltage': -0.25, 'ext_devices': [], 'lowpass-enabled': True, 'lowpass-freq': 0.05, 'lowpass-order': 3, 'name': 'method4', 'sample-frequency-hz': 24.0, 'savgol-enabled': True, 'savgol-order': 3, 'savgol-window': 5, 'steps': [{'V': -0.75, 'data-collect': 'no', 'duration': 1.0, 'name': '', 'relays-on': [], 'type': 'constant'}, {'V1': -0.75, 'V2': 0.75, 'data-collect': 'background', 'duration': 1.0, 'name': '', 'relays-on': [], 'type': 'ramp'}, {'V': 0.75, 'data-collect': 'no', 'duration': 1.0, 'name': '', 'relays-on': [], 'type': 'constant'}, {'V': -0.75, 'data-collect': 'no', 'duration': 1.0, 'name': '', 'relays-on': [], 'type': 'constant'}, {'V1': -0.75, 'V2': 0.75, 'data-collect': 'signal', 'duration': 1.0, 'name': '', 'relays-on': [], 'type': 'ramp'}, {'V': 0.75, 'data-collect': 'no', 'duration': 1.0, 'name': '', 'relays-on': [], 'type': 'constant'}], 'unit': 'mg/L', 'uid': 'method-0'}], 'samples': [{'name': 'new sample', 'date_sample_collected': '2000-01-01', 'location_collected': '', 'contact_info': '', 'collected_by': '', 'sample_comments': '', 'uid': 'sample-0'}, {'name': 'abc', 'date_sample_collected': '2000-01-01', 'location_collected': '', 'contact_info': '', 'collected_by': '', 'sample_comments': '', 'uid': 'sample-1'}], 'runs': [{'uid': 'run-0', 'created': '2026-08-18 11:09pm', 'sample': 'sample-0', 'method': 'method-0', 'device': 'Rodeostat', 'notes': '', 'run_type': 'sample', 'sample_vol': 0.03, 'total_vol': 0.04, 'replicates': [{'uid': 'rep-0', 'status': 'completed', 'time-ended': '2026-08-18 11:10pm', 'notes': '', 'analysis': {}}, {'uid': 'rep-1', 'status': 'completed', 'time-ended': '2026-08-18 11:10pm', 'notes': '', 'analysis': {'peak_x': 0.111, 'peak_y': -0.15234516048338498, 'peak_ht': 0.07836388047685458, 'baseline_lower_x': -0.3195, 'baseline_lower_y': -0.26423794164179293, 'baseline_upper_x': 0.48, 'baseline_upper_y': -0.20196998323319384, 'max-derivative-left': 0.45587642355450997, 'max-derivative-right': 0.237948626607638, 'mean-max-derivatives': 0.34691252508107395}}, {'uid': 'rep-2', 'status': 'completed', 'time-ended': '2026-08-18 11:10pm', 'notes': '', 'analysis': {}}]}, {'uid': 'run-1', 'created': '2026-08-23 10:48am', 'sample': 'sample-0', 'method': 'method-0', 'device': 'Rodeostat', 'notes': '', 'run_type': 'sample', 'sample_vol': 0.03, 'total_vol': 0.04, 'replicates': [{'uid': 'rep-0', 'status': 'completed', 'time-ended': '2026-08-23 11:10am', 'notes': '', 'analysis': {}}, {'uid': 'rep-1', 'status': 'completed', 'time-ended': '2026-08-23 11:10am', 'notes': '', 'analysis': {}}, {'uid': 'rep-2', 'status': 'completed', 'time-ended': '2026-08-23 11:11am', 'notes': '', 'analysis': {}}]}, {'uid': 'run-2', 'created': '2026-08-24 11:00am', 'sample': 'sample-0', 'method': 'method-0', 'device': 'Rodeostat', 'notes': '', 'run_type': 'blank', 'replicates': [{'uid': 'rep-0', 'status': 'pending', 'time-ended': '', 'notes': '', 'analysis': {}}]}], 'calculations': []}
INFO:__main__: Data read complete!
INFO:__main__: -----------------------
INFO:__main__:
INFO:__main__:
INFO:__main__:
INFO:__main__: ---Started---
INFO:__main__: successful write: zzz
INFO:__main__: Completed all imports
INFO:__main__: successful write: aaa
INFO:__main__: Arrived at read
INFO:__main__: successful write: 0123456789
INFO:__main__: Can read data
INFO:__main__: successful write: {'session_name': 'test session 86', 'date_first_saved': '2026-08-17 11:57am', 'methods': [{'confidence-level': 0.95, 'current-range': '1000uA', 'detection-limit': 1.0, 'expected-max-peak-voltage': 0.6, 'expected-min-peak-voltage': -0.25, 'ext_devices': [], 'lowpass-enabled': True, 'lowpass-freq': 0.05, 'lowpass-order': 3, 'name': 'method4', 'sample-frequency-hz': 24.0, 'savgol-enabled': True, 'savgol-order': 3, 'savgol-window': 5, 'steps': [{'V': -0.75, 'data-collect': 'no', 'duration': 1.0, 'name': '', 'relays-on': [], 'type': 'constant'}, {'V1': -0.75, 'V2': 0.75, 'data-collect': 'background', 'duration': 1.0, 'name': '', 'relays-on': [], 'type': 'ramp'}, {'V': 0.75, 'data-collect': 'no', 'duration': 1.0, 'name': '', 'relays-on': [], 'type': 'constant'}, {'V': -0.75, 'data-collect': 'no', 'duration': 1.0, 'name': '', 'relays-on': [], 'type': 'constant'}, {'V1': -0.75, 'V2': 0.75, 'data-collect': 'signal', 'duration': 1.0, 'name': '', 'relays-on': [], 'type': 'ramp'}, {'V': 0.75, 'data-collect': 'no', 'duration': 1.0, 'name': '', 'relays-on': [], 'type': 'constant'}], 'unit': 'mg/L', 'uid': 'method-0'}], 'samples': [{'name': 'new sample', 'date_sample_collected': '2000-01-01', 'location_collected': '', 'contact_info': '', 'collected_by': '', 'sample_comments': '', 'uid': 'sample-0'}, {'name': 'abc', 'date_sample_collected': '2000-01-01', 'location_collected': '', 'contact_info': '', 'collected_by': '', 'sample_comments': '', 'uid': 'sample-1'}], 'runs': [{'uid': 'run-0', 'created': '2026-08-18 11:09pm', 'sample': 'sample-0', 'method': 'method-0', 'device': 'Rodeostat', 'notes': '', 'run_type': 'sample', 'sample_vol': 0.03, 'total_vol': 0.04, 'replicates': [{'uid': 'rep-0', 'status': 'completed', 'time-ended': '2026-08-18 11:10pm', 'notes': '', 'analysis': {}}, {'uid': 'rep-1', 'status': 'completed', 'time-ended': '2026-08-18 11:10pm', 'notes': '', 'analysis': {'peak_x': 0.111, 'peak_y': -0.15234516048338498, 'peak_ht': 0.07836388047685458, 'baseline_lower_x': -0.3195, 'baseline_lower_y': -0.26423794164179293, 'baseline_upper_x': 0.48, 'baseline_upper_y': -0.20196998323319384, 'max-derivative-left': 0.45587642355450997, 'max-derivative-right': 0.237948626607638, 'mean-max-derivatives': 0.34691252508107395}}, {'uid': 'rep-2', 'status': 'completed', 'time-ended': '2026-08-18 11:10pm', 'notes': '', 'analysis': {}}]}, {'uid': 'run-1', 'created': '2026-08-23 10:48am', 'sample': 'sample-0', 'method': 'method-0', 'device': 'Rodeostat', 'notes': '', 'run_type': 'sample', 'sample_vol': 0.03, 'total_vol': 0.04, 'replicates': [{'uid': 'rep-0', 'status': 'completed', 'time-ended': '2026-08-23 11:10am', 'notes': '', 'analysis': {}}, {'uid': 'rep-1', 'status': 'completed', 'time-ended': '2026-08-23 11:10am', 'notes': '', 'analysis': {}}, {'uid': 'rep-2', 'status': 'completed', 'time-ended': '2026-08-23 11:11am', 'notes': '', 'analysis': {}}]}, {'uid': 'run-2', 'created': '2026-08-24 11:00am', 'sample': 'sample-0', 'method': 'method-0', 'device': 'Rodeostat', 'notes': '', 'run_type': 'blank', 'replicates': [{'uid': 'rep-0', 'status': 'pending', 'time-ended': '', 'notes': '', 'analysis': {}}]}], 'calculations': []}
INFO:__main__: Data read complete!
INFO:__main__: -----------------------
INFO:__main__:
INFO:__main__:
INFO:__main__:
INFO:__main__: ---Started---
INFO:__main__: successful write: zzz
INFO:__main__: Completed all imports
INFO:__main__: successful write: aaa
INFO:__main__: Arrived at read
INFO:__main__: successful write: 0123456789
INFO:__main__: Can read data
INFO:__main__: successful write: {'session_name': 'test session 86', 'date_first_saved': '2026-08-17 11:57am', 'methods': [{'confidence-level': 0.95, 'current-range': '1000uA', 'detection-limit': 1.0, 'expected-max-peak-voltage': 0.6, 'expected-min-peak-voltage': -0.25, 'ext_devices': [], 'lowpass-enabled': True, 'lowpass-freq': 0.05, 'lowpass-order': 3, 'name': 'method4', 'sample-frequency-hz': 24.0, 'savgol-enabled': True, 'savgol-order': 3, 'savgol-window': 5, 'steps': [{'V': -0.75, 'data-collect': 'no', 'duration': 1.0, 'name': '', 'relays-on': [], 'type': 'constant'}, {'V1': -0.75, 'V2': 0.75, 'data-collect': 'background', 'duration': 1.0, 'name': '', 'relays-on': [], 'type': 'ramp'}, {'V': 0.75, 'data-collect': 'no', 'duration': 1.0, 'name': '', 'relays-on': [], 'type': 'constant'}, {'V': -0.75, 'data-collect': 'no', 'duration': 1.0, 'name': '', 'relays-on': [], 'type': 'constant'}, {'V1': -0.75, 'V2': 0.75, 'data-collect': 'signal', 'duration': 1.0, 'name': '', 'relays-on': [], 'type': 'ramp'}, {'V': 0.75, 'data-collect': 'no', 'duration': 1.0, 'name': '', 'relays-on': [], 'type': 'constant'}], 'unit': 'mg/L', 'uid': 'method-0'}], 'samples': [{'name': 'new sample', 'date_sample_collected': '2000-01-01', 'location_collected': '', 'contact_info': '', 'collected_by': '', 'sample_comments': '', 'uid': 'sample-0'}, {'name': 'abc', 'date_sample_collected': '2000-01-01', 'location_collected': '', 'contact_info': '', 'collected_by': '', 'sample_comments': '', 'uid': 'sample-1'}], 'runs': [{'uid': 'run-0', 'created': '2026-08-18 11:09pm', 'sample': 'sample-0', 'method': 'method-0', 'device': 'Rodeostat', 'notes': '', 'run_type': 'sample', 'sample_vol': 0.03, 'total_vol': 0.04, 'replicates': [{'uid': 'rep-0', 'status': 'completed', 'time-ended': '2026-08-18 11:10pm', 'notes': '', 'analysis': {}}, {'uid': 'rep-1', 'status': 'completed', 'time-ended': '2026-08-18 11:10pm', 'notes': '', 'analysis': {'peak_x': 0.111, 'peak_y': -0.15234516048338498, 'peak_ht': 0.07836388047685458, 'baseline_lower_x': -0.3195, 'baseline_lower_y': -0.26423794164179293, 'baseline_upper_x': 0.48, 'baseline_upper_y': -0.20196998323319384, 'max-derivative-left': 0.45587642355450997, 'max-derivative-right': 0.237948626607638, 'mean-max-derivatives': 0.34691252508107395}}, {'uid': 'rep-2', 'status': 'completed', 'time-ended': '2026-08-18 11:10pm', 'notes': '', 'analysis': {}}]}, {'uid': 'run-1', 'created': '2026-08-23 10:48am', 'sample': 'sample-0', 'method': 'method-0', 'device': 'Rodeostat', 'notes': '', 'run_type': 'sample', 'sample_vol': 0.03, 'total_vol': 0.04, 'replicates': [{'uid': 'rep-0', 'status': 'completed', 'time-ended': '2026-08-23 11:10am', 'notes': '', 'analysis': {}}, {'uid': 'rep-1', 'status': 'completed', 'time-ended': '2026-08-23 11:10am', 'notes': '', 'analysis': {}}, {'uid': 'rep-2', 'status': 'completed', 'time-ended': '2026-08-23 11:11am', 'notes': '', 'analysis': {}}]}, {'uid': 'run-2', 'created': '2026-08-24 11:00am', 'sample': 'sample-0', 'method': 'method-0', 'device': 'Rodeostat', 'notes': '', 'run_type': 'blank', 'replicates': [{'uid': 'rep-0', 'status': 'pending', 'time-ended': '', 'notes': '', 'analysis': {}}]}], 'calculations': []}
INFO:__main__: Data read complete!
INFO:__main__: -----------------------
INFO:__main__:
INFO:__main__:
INFO:__main__:
INFO:__main__: ---Started---
INFO:__main__: successful write: zzz
INFO:__main__: Completed all imports
INFO:__main__: successful write: aaa
INFO:__main__: Arrived at read
INFO:__main__: successful write: 0123456789
INFO:__main__: Can read data
INFO:__main__: successful write: {'session_name': 'test session 85', 'date_first_saved': '2026-08-17 11:57am', 'methods': [{'confidence-level': 0.95, 'current-range': '1000uA', 'detection-limit': 1.0, 'expected-max-peak-voltage': 0.6, 'expected-min-peak-voltage': -0.25, 'ext_devices': [], 'lowpass-enabled': True, 'lowpass-freq': 0.05, 'lowpass-order': 3, 'name': 'method4', 'sample-frequency-hz': 24.0, 'savgol-enabled': True, 'savgol-order': 3, 'savgol-window': 5, 'steps': [{'V': -0.75, 'data-collect': 'no', 'duration': 1.0, 'name': '', 'relays-on': [], 'type': 'constant'}, {'V1': -0.75, 'V2': 0.75, 'data-collect': 'background', 'duration': 1.0, 'name': '', 'relays-on': [], 'type': 'ramp'}, {'V': 0.75, 'data-collect': 'no', 'duration': 1.0, 'name': '', 'relays-on': [], 'type': 'constant'}, {'V': -0.75, 'data-collect': 'no', 'duration': 1.0, 'name': '', 'relays-on': [], 'type': 'constant'}, {'V1': -0.75, 'V2': 0.75, 'data-collect': 'signal', 'duration': 1.0, 'name': '', 'relays-on': [], 'type': 'ramp'}, {'V': 0.75, 'data-collect': 'no', 'duration': 1.0, 'name': '', 'relays-on': [], 'type': 'constant'}], 'unit': 'mg/L', 'uid': 'method-0'}], 'samples': [{'name': 'new sample', 'date_sample_collected': '2000-01-01', 'location_collected': '', 'contact_info': '', 'collected_by': '', 'sample_comments': '', 'uid': 'sample-0'}, {'name': 'abc', 'date_sample_collected': '2000-01-01', 'location_collected': '', 'contact_info': '', 'collected_by': '', 'sample_comments': '', 'uid': 'sample-1'}], 'runs': [{'uid': 'run-0', 'created': '2026-08-18 11:09pm', 'sample': 'sample-0', 'method': 'method-0', 'device': 'Rodeostat', 'notes': '', 'run_type': 'sample', 'sample_vol': 0.03, 'total_vol': 0.04, 'replicates': [{'uid': 'rep-0', 'status': 'completed', 'time-ended': '2026-08-18 11:10pm', 'notes': '', 'analysis': {}}, {'uid': 'rep-1', 'status': 'completed', 'time-ended': '2026-08-18 11:10pm', 'notes': '', 'analysis': {'peak_x': 0.111, 'peak_y': -0.15234516048338498, 'peak_ht': 0.07836388047685458, 'baseline_lower_x': -0.3195, 'baseline_lower_y': -0.26423794164179293, 'baseline_upper_x': 0.48, 'baseline_upper_y': -0.20196998323319384, 'max-derivative-left': 0.45587642355450997, 'max-derivative-right': 0.237948626607638, 'mean-max-derivatives': 0.34691252508107395}}, {'uid': 'rep-2', 'status': 'completed', 'time-ended': '2026-08-18 11:10pm', 'notes': '', 'analysis': {}}]}, {'uid': 'run-1', 'created': '2026-08-23 10:48am', 'sample': 'sample-0', 'method': 'method-0', 'device': 'Rodeostat', 'notes': '', 'run_type': 'sample', 'sample_vol': 0.03, 'total_vol': 0.04, 'replicates': [{'uid': 'rep-0', 'status': 'completed', 'time-ended': '2026-08-23 11:10am', 'notes': '', 'analysis': {}}, {'uid': 'rep-1', 'status': 'completed', 'time-ended': '2026-08-23 11:10am', 'notes': '', 'analysis': {}}, {'uid': 'rep-2', 'status': 'completed', 'time-ended': '2026-08-23 11:11am', 'notes': '', 'analysis': {}}]}, {'uid': 'run-2', 'created': '2026-08-24 11:00am', 'sample': 'sample-0', 'method': 'method-0', 'device': 'Rodeostat', 'notes': '', 'run_type': 'blank', 'replicates': [{'uid': 'rep-0', 'status': 'pending', 'time-ended': '', 'notes': '', 'analysis': {}}]}], 'calculations': []}
INFO:__main__: Data read complete!
INFO:__main__: -----------------------
INFO:__main__:
INFO:__main__:
INFO:__main__:
INFO:__main__: ---Started---
INFO:__main__: successful write: zzz
INFO:__main__: Completed all imports
INFO:__main__: successful write: aaa
INFO:__main__: Arrived at read
INFO:__main__: successful write: 0123456789
INFO:__main__: Can read data
INFO:__main__: successful write: {'session_name': 'test session 84', 'date_first_saved': '2026-08-17 11:57am', 'methods': [{'confidence-level': 0.95, 'current-range': '1000uA', 'detection-limit': 1.0, 'expected-max-peak-voltage': 0.6, 'expected-min-peak-voltage': -0.25, 'ext_devices': [], 'lowpass-enabled': True, 'lowpass-freq': 0.05, 'lowpass-order': 3, 'name': 'method4', 'sample-frequency-hz': 24.0, 'savgol-enabled': True, 'savgol-order': 3, 'savgol-window': 5, 'steps': [{'V': -0.75, 'data-collect': 'no', 'duration': 1.0, 'name': '', 'relays-on': [], 'type': 'constant'}, {'V1': -0.75, 'V2': 0.75, 'data-collect': 'background', 'duration': 1.0, 'name': '', 'relays-on': [], 'type': 'ramp'}, {'V': 0.75, 'data-collect': 'no', 'duration': 1.0, 'name': '', 'relays-on': [], 'type': 'constant'}, {'V': -0.75, 'data-collect': 'no', 'duration': 1.0, 'name': '', 'relays-on': [], 'type': 'constant'}, {'V1': -0.75, 'V2': 0.75, 'data-collect': 'signal', 'duration': 1.0, 'name': '', 'relays-on': [], 'type': 'ramp'}, {'V': 0.75, 'data-collect': 'no', 'duration': 1.0, 'name': '', 'relays-on': [], 'type': 'constant'}], 'unit': 'mg/L', 'uid': 'method-0'}], 'samples': [{'name': 'new sample', 'date_sample_collected': '2000-01-01', 'location_collected': '', 'contact_info': '', 'collected_by': '', 'sample_comments': '', 'uid': 'sample-0'}, {'name': 'abc', 'date_sample_collected': '2000-01-01', 'location_collected': '', 'contact_info': '', 'collected_by': '', 'sample_comments': '', 'uid': 'sample-1'}], 'runs': [{'uid': 'run-0', 'created': '2026-08-18 11:09pm', 'sample': 'sample-0', 'method': 'method-0', 'device': 'Rodeostat', 'notes': '', 'run_type': 'sample', 'sample_vol': 0.03, 'total_vol': 0.04, 'replicates': [{'uid': 'rep-0', 'status': 'completed', 'time-ended': '2026-08-18 11:10pm', 'notes': '', 'analysis': {}}, {'uid': 'rep-1', 'status': 'completed', 'time-ended': '2026-08-18 11:10pm', 'notes': '', 'analysis': {'peak_x': 0.111, 'peak_y': -0.15234516048338498, 'peak_ht': 0.07836388047685458, 'baseline_lower_x': -0.3195, 'baseline_lower_y': -0.26423794164179293, 'baseline_upper_x': 0.48, 'baseline_upper_y': -0.20196998323319384, 'max-derivative-left': 0.45587642355450997, 'max-derivative-right': 0.237948626607638, 'mean-max-derivatives': 0.34691252508107395}}, {'uid': 'rep-2', 'status': 'completed', 'time-ended': '2026-08-18 11:10pm', 'notes': '', 'analysis': {}}]}, {'uid': 'run-1', 'created': '2026-08-23 10:48am', 'sample': 'sample-0', 'method': 'method-0', 'device': 'Rodeostat', 'notes': '', 'run_type': 'sample', 'sample_vol': 0.03, 'total_vol': 0.04, 'replicates': [{'uid': 'rep-0', 'status': 'completed', 'time-ended': '2026-08-23 11:10am', 'notes': '', 'analysis': {}}, {'uid': 'rep-1', 'status': 'completed', 'time-ended': '2026-08-23 11:10am', 'notes': '', 'analysis': {}}, {'uid': 'rep-2', 'status': 'completed', 'time-ended': '2026-08-23 11:11am', 'notes': '', 'analysis': {}}]}, {'uid': 'run-2', 'created': '2026-08-24 11:00am', 'sample': 'sample-0', 'method': 'method-0', 'device': 'Rodeostat', 'notes': '', 'run_type': 'blank', 'replicates': [{'uid': 'rep-0', 'status': 'pending', 'time-ended': '', 'notes': '', 'analysis': {}}]}], 'calculations': []}
INFO:__main__: Data read complete!
INFO:__main__: -----------------------
INFO:__main__:
INFO:__main__:
INFO:__main__:
INFO:__main__: ---Started---
INFO:__main__: successful write: zzz
INFO:__main__: Completed all imports
INFO:__main__: successful write: aaa
INFO:__main__: Arrived at read
INFO:__main__: successful write: 0123456789
INFO:__main__: Can read data
INFO:__main__: successful write: {'session_name': 'test session 83', 'date_first_saved': '2026-08-17 11:57am', 'methods': [{'confidence-level': 0.95, 'current-range': '1000uA', 'detection-limit': 1.0, 'expected-max-peak-voltage': 0.6, 'expected-min-peak-voltage': -0.25, 'ext_devices': [], 'lowpass-enabled': True, 'lowpass-freq': 0.05, 'lowpass-order': 3, 'name': 'method4', 'sample-frequency-hz': 24.0, 'savgol-enabled': True, 'savgol-order': 3, 'savgol-window': 5, 'steps': [{'V': -0.75, 'data-collect': 'no', 'duration': 1.0, 'name': '', 'relays-on': [], 'type': 'constant'}, {'V1': -0.75, 'V2': 0.75, 'data-collect': 'background', 'duration': 1.0, 'name': '', 'relays-on': [], 'type': 'ramp'}, {'V': 0.75, 'data-collect': 'no', 'duration': 1.0, 'name': '', 'relays-on': [], 'type': 'constant'}, {'V': -0.75, 'data-collect': 'no', 'duration': 1.0, 'name': '', 'relays-on': [], 'type': 'constant'}, {'V1': -0.75, 'V2': 0.75, 'data-collect': 'signal', 'duration': 1.0, 'name': '', 'relays-on': [], 'type': 'ramp'}, {'V': 0.75, 'data-collect': 'no', 'duration': 1.0, 'name': '', 'relays-on': [], 'type': 'constant'}], 'unit': 'mg/L', 'uid': 'method-0'}], 'samples': [{'name': 'new sample', 'date_sample_collected': '2000-01-01', 'location_collected': '', 'contact_info': '', 'collected_by': '', 'sample_comments': '', 'uid': 'sample-0'}, {'name': 'abc', 'date_sample_collected': '2000-01-01', 'location_collected': '', 'contact_info': '', 'collected_by': '', 'sample_comments': '', 'uid': 'sample-1'}], 'runs': [{'uid': 'run-0', 'created': '2026-08-18 11:09pm', 'sample': 'sample-0', 'method': 'method-0', 'device': 'Rodeostat', 'notes': '', 'run_type': 'sample', 'sample_vol': 0.03, 'total_vol': 0.04, 'replicates': [{'uid': 'rep-0', 'status': 'completed', 'time-ended': '2026-08-18 11:10pm', 'notes': '', 'analysis': {}}, {'uid': 'rep-1', 'status': 'completed', 'time-ended': '2026-08-18 11:10pm', 'notes': '', 'analysis': {'peak_x': 0.111, 'peak_y': -0.15234516048338498, 'peak_ht': 0.07836388047685458, 'baseline_lower_x': -0.3195, 'baseline_lower_y': -0.26423794164179293, 'baseline_upper_x': 0.48, 'baseline_upper_y': -0.20196998323319384, 'max-derivative-left': 0.45587642355450997, 'max-derivative-right': 0.237948626607638, 'mean-max-derivatives': 0.34691252508107395}}, {'uid': 'rep-2', 'status': 'completed', 'time-ended': '2026-08-18 11:10pm', 'notes': '', 'analysis': {}}]}, {'uid': 'run-1', 'created': '2026-08-23 10:48am', 'sample': 'sample-0', 'method': 'method-0', 'device': 'Rodeostat', 'notes': '', 'run_type': 'sample', 'sample_vol': 0.03, 'total_vol': 0.04, 'replicates': [{'uid': 'rep-0', 'status': 'completed', 'time-ended': '2026-08-23 11:10am', 'notes': '', 'analysis': {}}, {'uid': 'rep-1', 'status': 'completed', 'time-ended': '2026-08-23 11:10am', 'notes': '', 'analysis': {}}, {'uid': 'rep-2', 'status': 'completed', 'time-ended': '2026-08-23 11:11am', 'notes': '', 'analysis': {}}]}, {'uid': 'run-2', 'created': '2026-08-24 11:00am', 'sample': 'sample-0', 'method': 'method-0', 'device': 'Rodeostat', 'notes': '', 'run_type': 'blank', 'replicates': [{'uid': 'rep-0', 'status': 'pending', 'time-ended': '', 'notes': '', 'analysis': {}}]}], 'calculations': []}
INFO:__main__: Data read complete!
INFO:__main__: -----------------------
INFO:__main__:
INFO:__main__:
INFO:__main__:
INFO:__main__: ---Started---
INFO:__main__: successful write: zzz
INFO:__main__: Completed all imports
INFO:__main__: successful write: aaa
INFO:__main__: Arrived at read
INFO:__main__: successful write: 0123456789
INFO:__main__: Can read data
INFO:__main__: successful write: {'session_name': 'test session 83', 'date_first_saved': '2026-08-17 11:57am', 'methods': [{'confidence-level': 0.95, 'current-range': '1000uA', 'detection-limit': 1.0, 'expected-max-peak-voltage': 0.6, 'expected-min-peak-voltage': -0.25, 'ext_devices': [], 'lowpass-enabled': True, 'lowpass-freq': 0.05, 'lowpass-order': 3, 'name': 'method4', 'sample-frequency-hz': 24.0, 'savgol-enabled': True, 'savgol-order': 3, 'savgol-window': 5, 'steps': [{'V': -0.75, 'data-collect': 'no', 'duration': 1.0, 'name': '', 'relays-on': [], 'type': 'constant'}, {'V1': -0.75, 'V2': 0.75, 'data-collect': 'background', 'duration': 1.0, 'name': '', 'relays-on': [], 'type': 'ramp'}, {'V': 0.75, 'data-collect': 'no', 'duration': 1.0, 'name': '', 'relays-on': [], 'type': 'constant'}, {'V': -0.75, 'data-collect': 'no', 'duration': 1.0, 'name': '', 'relays-on': [], 'type': 'constant'}, {'V1': -0.75, 'V2': 0.75, 'data-collect': 'signal', 'duration': 1.0, 'name': '', 'relays-on': [], 'type': 'ramp'}, {'V': 0.75, 'data-collect': 'no', 'duration': 1.0, 'name': '', 'relays-on': [], 'type': 'constant'}], 'unit': 'mg/L', 'uid': 'method-0'}], 'samples': [{'name': 'new sample', 'date_sample_collected': '2000-01-01', 'location_collected': '', 'contact_info': '', 'collected_by': '', 'sample_comments': '', 'uid': 'sample-0'}, {'name': 'abc', 'date_sample_collected': '2000-01-01', 'location_collected': '', 'contact_info': '', 'collected_by': '', 'sample_comments': '', 'uid': 'sample-1'}], 'runs': [{'uid': 'run-0', 'created': '2026-08-18 11:09pm', 'sample': 'sample-0', 'method': 'method-0', 'device': 'Rodeostat', 'notes': '', 'run_type': 'sample', 'sample_vol': 0.03, 'total_vol': 0.04, 'replicates': [{'uid': 'rep-0', 'status': 'completed', 'time-ended': '2026-08-18 11:10pm', 'notes': '', 'analysis': {}}, {'uid': 'rep-1', 'status': 'completed', 'time-ended': '2026-08-18 11:10pm', 'notes': '', 'analysis': {'peak_x': 0.111, 'peak_y': -0.15234516048338498, 'peak_ht': 0.07836388047685458, 'baseline_lower_x': -0.3195, 'baseline_lower_y': -0.26423794164179293, 'baseline_upper_x': 0.48, 'baseline_upper_y': -0.20196998323319384, 'max-derivative-left': 0.45587642355450997, 'max-derivative-right': 0.237948626607638, 'mean-max-derivatives': 0.34691252508107395}}, {'uid': 'rep-2', 'status': 'completed', 'time-ended': '2026-08-18 11:10pm', 'notes': '', 'analysis': {}}]}, {'uid': 'run-1', 'created': '2026-08-23 10:48am', 'sample': 'sample-0', 'method': 'method-0', 'device': 'Rodeostat', 'notes': '', 'run_type': 'sample', 'sample_vol': 0.03, 'total_vol': 0.04, 'replicates': [{'uid': 'rep-0', 'status': 'completed', 'time-ended': '2026-08-23 11:10am', 'notes': '', 'analysis': {}}, {'uid': 'rep-1', 'status': 'completed', 'time-ended': '2026-08-23 11:10am', 'notes': '', 'analysis': {}}, {'uid': 'rep-2', 'status': 'completed', 'time-ended': '2026-08-23 11:11am', 'notes': '', 'analysis': {}}]}, {'uid': 'run-2', 'created': '2026-08-24 11:00am', 'sample': 'sample-0', 'method': 'method-0', 'device': 'Rodeostat', 'notes': '', 'run_type': 'blank', 'replicates': [{'uid': 'rep-0', 'status': 'pending', 'time-ended': '', 'notes': '', 'analysis': {}}]}], 'calculations': []}
INFO:__main__: Data read complete!
INFO:__main__: -----------------------
INFO:__main__:
INFO:__main__:
INFO:__main__:
INFO:__main__: ---Started---
INFO:__main__: successful write: zzz
INFO:__main__: Completed all imports
INFO:__main__: successful write: aaa
INFO:__main__: successful write: {'session_name': 'test session 83', 'date_first_saved': '2026-08-17 11:57am', 'methods': [{'confidence-level': 0.95, 'current-range': '1000uA', 'detection-limit': 1.0, 'expected-max-peak-voltage': 0.6, 'expected-min-peak-voltage': -0.25, 'ext_devices': [], 'lowpass-enabled': True, 'lowpass-freq': 0.05, 'lowpass-order': 3, 'name': 'method4', 'sample-frequency-hz': 24.0, 'savgol-enabled': True, 'savgol-order': 3, 'savgol-window': 5, 'steps': [{'V': -0.75, 'data-collect': 'no', 'duration': 1.0, 'name': '', 'relays-on': [], 'type': 'constant'}, {'V1': -0.75, 'V2': 0.75, 'data-collect': 'background', 'duration': 1.0, 'name': '', 'relays-on': [], 'type': 'ramp'}, {'V': 0.75, 'data-collect': 'no', 'duration': 1.0, 'name': '', 'relays-on': [], 'type': 'constant'}, {'V': -0.75, 'data-collect': 'no', 'duration': 1.0, 'name': '', 'relays-on': [], 'type': 'constant'}, {'V1': -0.75, 'V2': 0.75, 'data-collect': 'signal', 'duration': 1.0, 'name': '', 'relays-on': [], 'type': 'ramp'}, {'V': 0.75, 'data-collect': 'no', 'duration': 1.0, 'name': '', 'relays-on': [], 'type': 'constant'}], 'unit': 'mg/L', 'uid': 'method-0'}], 'samples': [{'name': 'new sample', 'date_sample_collected': '2001-01-01', 'location_collected': 'loc', 'contact_info': 'con', 'collected_by': 'collector', 'sample_comments': 'note\t', 'uid': 'sample-0'}, {'name': 'abc', 'date_sample_collected': '2000-01-01', 'location_collected': '', 'contact_info': '', 'collected_by': '', 'sample_comments': '', 'uid': 'sample-1'}], 'runs': [{'uid': 'run-0', 'created': '2026-08-18 11:09pm', 'sample': 'sample-0', 'method': 'method-0', 'device': 'Rodeostat', 'notes': '', 'run_type': 'sample', 'sample_vol': 0.03, 'total_vol': 0.04, 'replicates': [{'uid': 'rep-0', 'status': 'completed', 'time-ended': '2026-08-18 11:10pm', 'notes': '', 'analysis': {}}, {'uid': 'rep-1', 'status': 'completed', 'time-ended': '2026-08-18 11:10pm', 'notes': '', 'analysis': {'peak_x': 0.111, 'peak_y': -0.15234516048338498, 'peak_ht': 0.07836388047685458, 'baseline_lower_x': -0.3195, 'baseline_lower_y': -0.26423794164179293, 'baseline_upper_x': 0.48, 'baseline_upper_y': -0.20196998323319384, 'max-derivative-left': 0.45587642355450997, 'max-derivative-right': 0.237948626607638, 'mean-max-derivatives': 0.34691252508107395}}, {'uid': 'rep-2', 'status': 'completed', 'time-ended': '2026-08-18 11:10pm', 'notes': '', 'analysis': {}}]}, {'uid': 'run-1', 'created': '2026-08-23 10:48am', 'sample': 'sample-0', 'method': 'method-0', 'device': 'Rodeostat', 'notes': '', 'run_type': 'sample', 'sample_vol': 0.03, 'total_vol': 0.04, 'replicates': [{'uid': 'rep-0', 'status': 'completed', 'time-ended': '2026-08-23 11:10am', 'notes': '', 'analysis': {}}, {'uid': 'rep-1', 'status': 'completed', 'time-ended': '2026-08-23 11:10am', 'notes': '', 'analysis': {}}, {'uid': 'rep-2', 'status': 'completed', 'time-ended': '2026-08-23 11:11am', 'notes': '', 'analysis': {}}]}, {'uid': 'run-2', 'created': '2026-08-24 11:00am', 'sample': 'sample-0', 'method': 'method-0', 'device': 'Rodeostat', 'notes': '', 'run_type': 'blank', 'replicates': [{'uid': 'rep-0', 'status': 'pending', 'time-ended': '', 'notes': '', 'analysis': {}}]}], 'calculations': []}
INFO:__main__:
INFO:__main__:
INFO:__main__:
INFO:__main__: ---Started---
INFO:__main__: successful write: zzz
INFO:__main__: Completed all imports
INFO:__main__: successful write: aaa
INFO:__main__: successful write: {'session_name': 'test session 83', 'date_first_saved': '2026-08-17 11:57am', 'methods': [{'confidence-level': 0.95, 'current-range': '1000uA', 'detection-limit': 1.0, 'expected-max-peak-voltage': 0.6, 'expected-min-peak-voltage': -0.25, 'ext_devices': [], 'lowpass-enabled': True, 'lowpass-freq': 0.05, 'lowpass-order': 3, 'name': 'method4', 'sample-frequency-hz': 24.0, 'savgol-enabled': True, 'savgol-order': 3, 'savgol-window': 5, 'steps': [{'V': -0.75, 'data-collect': 'no', 'duration': 1.0, 'name': '', 'relays-on': [], 'type': 'constant'}, {'V1': -0.75, 'V2': 0.75, 'data-collect': 'background', 'duration': 1.0, 'name': '', 'relays-on': [], 'type': 'ramp'}, {'V': 0.75, 'data-collect': 'no', 'duration': 1.0, 'name': '', 'relays-on': [], 'type': 'constant'}, {'V': -0.75, 'data-collect': 'no', 'duration': 1.0, 'name': '', 'relays-on': [], 'type': 'constant'}, {'V1': -0.75, 'V2': 0.75, 'data-collect': 'signal', 'duration': 1.0, 'name': '', 'relays-on': [], 'type': 'ramp'}, {'V': 0.75, 'data-collect': 'no', 'duration': 1.0, 'name': '', 'relays-on': [], 'type': 'constant'}], 'unit': 'mg/L', 'uid': 'method-0'}], 'samples': [{'name': 'new sample', 'date_sample_collected': '2001-01-01', 'location_collected': '', 'contact_info': 'con', 'collected_by': 'collector', 'sample_comments': 'note\t', 'uid': 'sample-0'}, {'name': 'abc', 'date_sample_collected': '2000-01-01', 'location_collected': '', 'contact_info': '', 'collected_by': '', 'sample_comments': '', 'uid': 'sample-1'}], 'runs': [{'uid': 'run-0', 'created': '2026-08-18 11:09pm', 'sample': 'sample-0', 'method': 'method-0', 'device': 'Rodeostat', 'notes': '', 'run_type': 'sample', 'sample_vol': 0.03, 'total_vol': 0.04, 'replicates': [{'uid': 'rep-0', 'status': 'completed', 'time-ended': '2026-08-18 11:10pm', 'notes': '', 'analysis': {}}, {'uid': 'rep-1', 'status': 'completed', 'time-ended': '2026-08-18 11:10pm', 'notes': '', 'analysis': {'peak_x': 0.111, 'peak_y': -0.15234516048338498, 'peak_ht': 0.07836388047685458, 'baseline_lower_x': -0.3195, 'baseline_lower_y': -0.26423794164179293, 'baseline_upper_x': 0.48, 'baseline_upper_y': -0.20196998323319384, 'max-derivative-left': 0.45587642355450997, 'max-derivative-right': 0.237948626607638, 'mean-max-derivatives': 0.34691252508107395}}, {'uid': 'rep-2', 'status': 'completed', 'time-ended': '2026-08-18 11:10pm', 'notes': '', 'analysis': {}}]}, {'uid': 'run-1', 'created': '2026-08-23 10:48am', 'sample': 'sample-0', 'method': 'method-0', 'device': 'Rodeostat', 'notes': '', 'run_type': 'sample', 'sample_vol': 0.03, 'total_vol': 0.04, 'replicates': [{'uid': 'rep-0', 'status': 'completed', 'time-ended': '2026-08-23 11:10am', 'notes': '', 'analysis': {}}, {'uid': 'rep-1', 'status': 'completed', 'time-ended': '2026-08-23 11:10am', 'notes': '', 'analysis': {}}, {'uid': 'rep-2', 'status': 'completed', 'time-ended': '2026-08-23 11:11am', 'notes': '', 'analysis': {}}]}, {'uid': 'run-2', 'created': '2026-08-24 11:00am', 'sample': 'sample-0', 'method': 'method-0', 'device': 'Rodeostat', 'notes': '', 'run_type': 'blank', 'replicates': [{'uid': 'rep-0', 'status': 'pending', 'time-ended': '', 'notes': '', 'analysis': {}}]}], 'calculations': []}
INFO:__main__:
INFO:__main__:
INFO:__main__:
INFO:__main__: ---Started---
INFO:__main__: successful write: zzz
INFO:__main__: Completed all imports
INFO:__main__: successful write: aaa
INFO:__main__: successful write: {'session_name': 'test session 83', 'date_first_saved': '2026-08-17 11:57am', 'methods': [{'confidence-level': 0.95, 'current-range': '1000uA', 'detection-limit': 1.0, 'expected-max-peak-voltage': 0.6, 'expected-min-peak-voltage': -0.25, 'ext_devices': [], 'lowpass-enabled': True, 'lowpass-freq': 0.05, 'lowpass-order': 3, 'name': 'method4', 'sample-frequency-hz': 24.0, 'savgol-enabled': True, 'savgol-order': 3, 'savgol-window': 5, 'steps': [{'V': -0.75, 'data-collect': 'no', 'duration': 1.0, 'name': '', 'relays-on': [], 'type': 'constant'}, {'V1': -0.75, 'V2': 0.75, 'data-collect': 'background', 'duration': 1.0, 'name': '', 'relays-on': [], 'type': 'ramp'}, {'V': 0.75, 'data-collect': 'no', 'duration': 1.0, 'name': '', 'relays-on': [], 'type': 'constant'}, {'V': -0.75, 'data-collect': 'no', 'duration': 1.0, 'name': '', 'relays-on': [], 'type': 'constant'}, {'V1': -0.75, 'V2': 0.75, 'data-collect': 'signal', 'duration': 1.0, 'name': '', 'relays-on': [], 'type': 'ramp'}, {'V': 0.75, 'data-collect': 'no', 'duration': 1.0, 'name': '', 'relays-on': [], 'type': 'constant'}], 'unit': 'mg/L', 'uid': 'method-0'}], 'samples': [{'name': 'new sample', 'date_sample_collected': '2001-01-01', 'location_collected': 'loc', 'contact_info': 'con', 'collected_by': 'collector', 'sample_comments': 'note\t', 'uid': 'sample-0'}, {'name': 'abc', 'date_sample_collected': '2000-01-01', 'location_collected': '', 'contact_info': '', 'collected_by': '', 'sample_comments': '', 'uid': 'sample-1'}], 'runs': [{'uid': 'run-0', 'created': '2026-08-18 11:09pm', 'sample': 'sample-0', 'method': 'method-0', 'device': 'Rodeostat', 'notes': '', 'run_type': 'sample', 'sample_vol': 0.03, 'total_vol': 0.04, 'replicates': [{'uid': 'rep-0', 'status': 'completed', 'time-ended': '2026-08-18 11:10pm', 'notes': '', 'analysis': {}}, {'uid': 'rep-1', 'status': 'completed', 'time-ended': '2026-08-18 11:10pm', 'notes': '', 'analysis': {'peak_x': 0.111, 'peak_y': -0.15234516048338498, 'peak_ht': 0.07836388047685458, 'baseline_lower_x': -0.3195, 'baseline_lower_y': -0.26423794164179293, 'baseline_upper_x': 0.48, 'baseline_upper_y': -0.20196998323319384, 'max-derivative-left': 0.45587642355450997, 'max-derivative-right': 0.237948626607638, 'mean-max-derivatives': 0.34691252508107395}}, {'uid': 'rep-2', 'status': 'completed', 'time-ended': '2026-08-18 11:10pm', 'notes': '', 'analysis': {}}]}, {'uid': 'run-1', 'created': '2026-08-23 10:48am', 'sample': 'sample-0', 'method': 'method-0', 'device': 'Rodeostat', 'notes': '', 'run_type': 'sample', 'sample_vol': 0.03, 'total_vol': 0.04, 'replicates': [{'uid': 'rep-0', 'status': 'completed', 'time-ended': '2026-08-23 11:10am', 'notes': '', 'analysis': {}}, {'uid': 'rep-1', 'status': 'completed', 'time-ended': '2026-08-23 11:10am', 'notes': '', 'analysis': {}}, {'uid': 'rep-2', 'status': 'completed', 'time-ended': '2026-08-23 11:11am', 'notes': '', 'analysis': {}}]}, {'uid': 'run-2', 'created': '2026-08-24 11:00am', 'sample': 'sample-0', 'method': 'method-0', 'device': 'Rodeostat', 'notes': '', 'run_type': 'blank', 'replicates': [{'uid': 'rep-0', 'status': 'pending', 'time-ended': '', 'notes': '', 'analysis': {}}]}], 'calculations': []}
